pref,name,touroku,year,addr,hp,lat,lon
北海道,三笠,第1回,H5.4,三笠市,http://www.hokkaido-michinoeki.jp/michinoeki/172/,43.246601,141.80455
北海道,スタープラザ　芦別,第1回,H5.4,芦別市,http://www.hokkaido-michinoeki.jp/michinoeki/202/,43.525518,142.188894
北海道,南ふらの,第1回,H5.4,空知郡南富良野町,http://www.hokkaido-michinoeki.jp/michinoeki/222/,43.169701,142.572798
北海道,しらぬか恋問館,第1回,H5.4,白糠郡白糠町,http://www.hokkaido-michinoeki.jp/michinoeki/263/,,
北海道,びふか,第1回,H5.4,中川郡美深町,http://www.hokkaido-michinoeki.jp/michinoeki/292/,44.558858,142.320033
北海道,江差,第1回,H5.4,檜山郡江差町,http://www.hokkaido-michinoeki.jp/michinoeki/321/,41.894342,140.139289
北海道,望羊中山,第1回,H5.4,虻田郡喜茂別町,http://www.hokkaido-michinoeki.jp/michinoeki/364/,42.855177,141.096589
北海道,えんべつ富士見,第1回,H5.4,天塩郡遠別町,http://www.hokkaido-michinoeki.jp/michinoeki/389/,,
北海道,忠類,第1回,H5.4,中川郡幕別町,http://www.hokkaido-michinoeki.jp/michinoeki/407/,42.558862,143.299194
北海道,摩周温泉,第1回,H5.4,川上郡弟子屈町,http://www.hokkaido-michinoeki.jp/michinoeki/440/,43.492391,144.447719
北海道,おといねっぷ,第1回,H5.4,中川郡音威子府村,http://www.hokkaido-michinoeki.jp/michinoeki/458/,44.729078,142.257872
北海道,かみゆうべつ温泉チューリップの湯,第1回,H5.4,紋別郡湧別町,http://www.hokkaido-michinoeki.jp/michinoeki/472/,44.185182,143.595699
北海道,いわない,第1回,H5.4,岩内郡岩内町,http://www.hokkaido-michinoeki.jp/michinoeki/499/,42.983435,140.51678
北海道,厚岸グルメパーク,第5回,H6.4,厚岸郡厚岸町,http://www.hokkaido-michinoeki.jp/michinoeki/531/,43.05767,144.844018
北海道,サンフラワー北竜,第7回,H7.1,雨竜郡北竜町,http://www.hokkaido-michinoeki.jp/michinoeki/546/,43.751048,141.875302
北海道,みついし,第8回,H7.4,日高郡新ひだか町,http://www.hokkaido-michinoeki.jp/michinoeki/564/,42.220874,142.634226
北海道,あっさぶ,第8回,H7.4,檜山郡厚沢部町,http://www.hokkaido-michinoeki.jp/michinoeki/576/,41.916573,140.216154
北海道,よってけ！島牧,第8回,H7.4,島牧郡島牧村,http://www.hokkaido-michinoeki.jp/michinoeki/588/,42.686727,140.013417
北海道,てっくいランド大成,第8回,H7.4,久遠郡せたな町,http://www.hokkaido-michinoeki.jp/michinoeki/611/,42.212366,139.876681
北海道,オホーツク紋別,第8回,H7.4,紋別市,http://www.hokkaido-michinoeki.jp/michinoeki/626/,44.328341,143.375004
北海道,YOU･遊･もり,第9回,H7.8,茅部郡森町,http://www.hokkaido-michinoeki.jp/michinoeki/641/,42.098901,140.568716
北海道,おんねゆ温泉,第9回,H7.8,北見市,http://www.hokkaido-michinoeki.jp/michinoeki/685/,43.754644,143.500531
北海道,ルート２２９元和台,第9回,H7.8,爾志郡乙部町,http://www.hokkaido-michinoeki.jp/michinoeki/704/,42.011397,140.106219
北海道,ハウスヤルビ奈井江,第10回,H8.4,空知郡奈井江町,http://www.hokkaido-michinoeki.jp/michinoeki/722/,43.433272,141.888802
北海道,おびら鰊番屋,第10回,H8.4,留萌郡小平町,http://www.hokkaido-michinoeki.jp/michinoeki/744/,44.137022,141.654956
北海道,マリーンアイランド岡島,第10回,H8.4,枝幸郡枝幸町,http://www.hokkaido-michinoeki.jp/michinoeki/768/,44.878376,142.631813
北海道,おこっぺ,第10回,H8.4,紋別郡興部町,http://www.hokkaido-michinoeki.jp/michinoeki/795/,44.469498,143.116955
北海道,阿寒丹頂の里,第10回,H8.4,釧路市,http://www.hokkaido-michinoeki.jp/michinoeki/810/,43.14402,144.146957
北海道,おとふけ,第10回,H8.4,河東郡音更町,http://www.hokkaido-michinoeki.jp/michinoeki/825/,42.976584,143.207419
北海道,ピンネシリ,第10回,H8.4,枝幸郡中頓別町,http://www.hokkaido-michinoeki.jp/michinoeki/842/,44.877462,142.213402
北海道,上ノ国もんじゅ,第11回,H8.8,檜山郡上ノ国町,http://www.hokkaido-michinoeki.jp/michinoeki/870/,41.808496,140.094966
北海道,オスコイ！かもえない,第11回,H8.8,古宇郡神恵内村,http://www.hokkaido-michinoeki.jp/michinoeki/881/,43.165359,140.385569
北海道,なかさつない,第11回,H8.8,河西郡中札内村,http://www.hokkaido-michinoeki.jp/michinoeki/892/,42.69214,143.126839
北海道,マオイの丘公園,第11回,H8.8,夕張郡長沼町,http://www.hokkaido-michinoeki.jp/michinoeki/906/,42.94998,141.716616
北海道,樹海ロード日高,第11回,H8.8,沙流郡日高町,http://www.hokkaido-michinoeki.jp/michinoeki/921/,42.87679,142.442007
北海道,そうべつ情報館ｉ（アイ）,第11回,H8.8,有珠郡壮瞥町,http://www.hokkaido-michinoeki.jp/michinoeki/937/,42.559133,140.899048
北海道,ニセコビュープラザ,第12回,H9.4,虻田郡ニセコ町,http://www.hokkaido-michinoeki.jp/michinoeki/949/,42.799492,140.702395
北海道,しりうち,第12回,H9.4,上磯郡知内町,http://www.hokkaido-michinoeki.jp/michinoeki/961/,41.601259,140.335834
北海道,横綱の里ふくしま,第12回,H9.4,松前郡福島町,http://www.hokkaido-michinoeki.jp/michinoeki/973/,41.479134,140.255731
北海道,サラブレッドロード新冠,第12回,H9.4,新冠郡新冠町,http://www.hokkaido-michinoeki.jp/michinoeki/988/,42.359836,142.315691
北海道,ピア２１しほろ,第12回,H9.4,河東郡士幌町,http://www.hokkaido-michinoeki.jp/michinoeki/1001/,43.144312,143.239276
北海道,香りの里たきのうえ,第12回,H9.4,紋別郡滝上町,http://www.hokkaido-michinoeki.jp/michinoeki/1016/,44.19689,143.090986
北海道,田園の里うりゅう,第12回,H9.4,雨竜郡雨竜町,http://www.hokkaido-michinoeki.jp/michinoeki/1026/,43.662509,141.894022
北海道,みたら室蘭,第14回,H10.4,室蘭市,http://www.hokkaido-michinoeki.jp/michinoeki/1039/,42.342012,140.943745
北海道,とうま,第14回,H10.4,上川郡当麻町,http://www.hokkaido-michinoeki.jp/michinoeki/1677/,43.844134,142.4895
北海道,スペース・アップルよいち,第14回,H10.4,余市郡余市町,http://www.hokkaido-michinoeki.jp/michinoeki/1699/,43.188538,140.788781
北海道,ほっと♡はぼろ,第14回,H10.4,苫前郡羽幌町,http://www.hokkaido-michinoeki.jp/michinoeki/1747/,44.367332,141.706577
北海道,サロマ湖,第14回,H10.4,常呂郡佐呂間町,http://www.hokkaido-michinoeki.jp/michinoeki/1787/,44.099918,143.824142
北海道,愛ランド湧別,第14回,H10.4,紋別郡湧別町,http://www.hokkaido-michinoeki.jp/michinoeki/1951/,44.13082,143.719206
北海道,おうむ,第14回,H10.4,紋別郡雄武町,http://www.hokkaido-michinoeki.jp/michinoeki/1975/,44.583037,142.959733
北海道,さるふつ公園,第14回,H10.4,宗谷郡猿払村,http://www.hokkaido-michinoeki.jp/michinoeki/2010/,45.329219,142.177348
北海道,森と湖の里ほろかない,第14回,H10.4,雨竜郡幌加内町,http://www.hokkaido-michinoeki.jp/michinoeki/2038/,44.114633,142.139546
北海道,うたしないチロルの湯,第14回,H10.4,歌志内市,http://www.hokkaido-michinoeki.jp/michinoeki/2066/,43.503388,142.004244
北海道,くろまつない,第15回,H11.8,寿都郡黒松内町,http://www.hokkaido-michinoeki.jp/michinoeki/2088/,42.672709,140.380034
北海道,たきかわ,第15回,H11.8,滝川市,http://www.hokkaido-michinoeki.jp/michinoeki/2107/,43.62344,141.941478
北海道,スワン４４ねむろ,第15回,H11.8,根室市,http://www.hokkaido-michinoeki.jp/michinoeki/2143/,43.261674,145.43837
北海道,つるぬま,第15回,H11.8,樺戸郡浦臼町,http://www.hokkaido-michinoeki.jp/michinoeki/2164/,43.451601,141.835718
北海道,なとわ・えさん,第15回,H11.8,函館市,http://www.hokkaido-michinoeki.jp/michinoeki/2179/,41.779487,141.10163
北海道,つど～る・プラザ・さわら,第15回,H11.8,茅部郡森町,http://www.hokkaido-michinoeki.jp/michinoeki/2200/,,
北海道,知床・らうす,第15回,H11.8,目梨郡羅臼町,http://www.hokkaido-michinoeki.jp/michinoeki/2217/,44.017454,145.192089
北海道,さらべつ,第15回,H11.8,河西郡更別村,http://www.hokkaido-michinoeki.jp/michinoeki/2232/,42.633311,143.271848
北海道,だて歴史の杜,第16回,H12.8,伊達市,http://www.hokkaido-michinoeki.jp/michinoeki/2253/,42.471721,140.8771
北海道,あさひかわ,第16回,H12.8,旭川市,http://www.hokkaido-michinoeki.jp/michinoeki/2272/,43.76,142.348446
北海道,自然体感しむかっぷ,第16回,H12.8,勇払郡占冠村,http://www.hokkaido-michinoeki.jp/michinoeki/2298/,42.978859,142.39758
北海道,にしおこっぺ花夢,第16回,H12.8,紋別郡西興部村,http://www.hokkaido-michinoeki.jp/michinoeki/2325/,44.335988,142.868068
北海道,オーロラタウン９３りくべつ,第16回,H12.8,足寄郡陸別町,http://www.hokkaido-michinoeki.jp/michinoeki/2355/,43.467863,143.742367
北海道,はなやか（葉菜野花）小清水,第16回,H12.8,斜里郡小清水町,http://www.hokkaido-michinoeki.jp/michinoeki/2375/,43.933921,144.453268
北海道,ライスランドふかがわ,第18回,H14.8,深川市,http://www.hokkaido-michinoeki.jp/michinoeki/2390/,43.699483,142.070593
北海道,なかがわ,第18回,H14.8,中川郡中川町,http://www.hokkaido-michinoeki.jp/michinoeki/2424/,44.801691,142.067348
北海道,２３０ルスツ,第18回,H14.8,虻田郡留寿都村,http://www.hokkaido-michinoeki.jp/michinoeki/2442/,42.739929,140.884563
北海道,てしお,第18回,H14.8,天塩郡天塩町,http://www.hokkaido-michinoeki.jp/michinoeki/2467/,44.884572,141.747755
北海道,コスモール大樹,第18回,H14.8,広尾郡大樹町,http://www.hokkaido-michinoeki.jp/michinoeki/2483/,42.489824,143.273259
北海道,ぐるっとパノラマ美幌峠,第18回,H14.8,網走郡美幌町,http://www.hokkaido-michinoeki.jp/michinoeki/2502/,43.647837,144.24901
北海道,らんこし・ふるさとの丘,第19回,H15.8,磯谷郡蘭越町,http://www.hokkaido-michinoeki.jp/michinoeki/2519/,42.762099,140.478985
北海道,とようら,第19回,H15.8,虻田郡豊浦町,http://www.hokkaido-michinoeki.jp/michinoeki/2533/,42.577551,140.722382
北海道,メルヘンの丘めまんべつ,第19回,H15.8,網走郡大空町,http://www.hokkaido-michinoeki.jp/michinoeki/2548/,43.917336,144.188488
北海道,むかわ四季の館,第19回,H15.8,勇払郡むかわ町,http://www.hokkaido-michinoeki.jp/michinoeki/2569/,42.573973,141.925464
北海道,あいおい,第19回,H15.8,網走郡津別町,http://www.hokkaido-michinoeki.jp/michinoeki/2585/,43.545622,143.980525
北海道,しかおい,第19回,H15.8,河東郡鹿追町,http://www.hokkaido-michinoeki.jp/michinoeki/2605/,43.097713,142.990276
北海道,しらたき,第19回,H15.8,紋別郡遠軽町,http://www.hokkaido-michinoeki.jp/michinoeki/2623/,43.870061,143.076278
北海道,あしょろ銀河ホール２１,第20回,H16.8,足寄郡足寄町,http://www.hokkaido-michinoeki.jp/michinoeki/2639/,43.244332,143.546455
北海道,サーモンパーク千歳,第20回,H16.8,千歳市,http://www.hokkaido-michinoeki.jp/michinoeki/2654/,42.833788,141.65933
北海道,ひがしかわ「道草館」,第20回,H16.8,上川郡東川町,http://www.hokkaido-michinoeki.jp/michinoeki/2668/,43.697305,142.508814
北海道,花ロードえにわ,第21回,H17.8,恵庭市,http://www.hokkaido-michinoeki.jp/michinoeki/2684/,42.897235,141.585675
北海道,シェルプラザ・港,第21回,H17.8,磯谷郡蘭越町,http://www.hokkaido-michinoeki.jp/michinoeki/2702/,42.880182,140.370027
北海道,真狩フラワーセンター,第21回,H17.8,虻田郡真狩村,http://www.hokkaido-michinoeki.jp/michinoeki/2715/,42.762321,140.807705
北海道,鐘のなるまち・ちっぷべつ,第21回,H17.8,雨竜郡秩父別町,http://www.hokkaido-michinoeki.jp/michinoeki/2732/,43.764831,141.965963
北海道,あぷた,第21回,H17.8,虻田郡洞爺湖町,http://www.hokkaido-michinoeki.jp/michinoeki/2751/,42.528998,140.778736
北海道,うりまく,第21回,H17.8,河東郡鹿追町,http://www.hokkaido-michinoeki.jp/michinoeki/2766/,43.169747,143.025023
北海道,絵本の里けんぶち,第22回,H18.8,上川郡剣淵町,http://www.hokkaido-michinoeki.jp/michinoeki/2782/,44.093831,142.39098
北海道,風Ｗとままえ,第22回,H18.8,苫前郡苫前町,http://www.hokkaido-michinoeki.jp/michinoeki/2805/,44.313303,141.656472
北海道,しほろ温泉,第22回,H18.8,河東郡士幌町,http://www.hokkaido-michinoeki.jp/michinoeki/2824/,43.138881,143.367911
北海道,名水の郷きょうごく,第23回,H19.3,虻田郡京極町,http://www.hokkaido-michinoeki.jp/michinoeki/2841/,42.858907,140.870902
北海道,びえい「丘のくら」,第23回,H19.3,上川郡美瑛町,http://www.hokkaido-michinoeki.jp/michinoeki/2854/,43.592125,142.463785
北海道,☆ロマン街道しょさんべつ,第23回,H19.3,苫前郡初山別村,http://www.hokkaido-michinoeki.jp/michinoeki/2870/,44.563504,141.776818
北海道,うとろ・シリエトク,第23回,H19.3,斜里郡斜里町,http://www.hokkaido-michinoeki.jp/michinoeki/2884/,44.069073,144.990668
北海道,しゃり,第23回,H19.3,斜里郡斜里町,http://www.hokkaido-michinoeki.jp/michinoeki/2905/,43.911771,144.664214
北海道,パパスランドさっつる,第24回,H19.8,斜里郡清里町,http://www.hokkaido-michinoeki.jp/michinoeki/2920/,43.790459,144.533995
北海道,もち米の里☆なよろ,第26回,H20.4,名寄市,http://www.hokkaido-michinoeki.jp/michinoeki/2939/,44.287419,142.413772
北海道,みなとま～れ寿都,第26回,H20.4,寿都郡寿都町,http://www.hokkaido-michinoeki.jp/michinoeki/2959/,,
北海道,とうや湖,第26回,H20.4,虻田郡洞爺湖町,http://www.hokkaido-michinoeki.jp/michinoeki/2974/,42.664511,140.82182
北海道,流氷街道網走,第29回,H20.12,網走市,http://www.hokkaido-michinoeki.jp/michinoeki/2986/,44.022034,144.273893
北海道,北前船 松前,第30回,H21.3,松前郡松前町,http://www.hokkaido-michinoeki.jp/michinoeki/3007/,41.426515,140.107232
北海道,ステラ★ほんべつ,第30回,H21.3,中川郡本別町,http://www.hokkaido-michinoeki.jp/michinoeki/3021/,43.125634,143.61325
北海道,ウトナイ湖,第32回,H21.7,苫小牧市,http://www.hokkaido-michinoeki.jp/michinoeki/3038/,42.699951,141.694649
北海道,うらほろ,第32回,H21.7,十勝郡浦幌町,http://www.hokkaido-michinoeki.jp/michinoeki/3057/,42.813998,143.663657
北海道,しんしのつ,第34回,H22.8,石狩郡新篠津村,http://www.hokkaido-michinoeki.jp/michinoeki/3070/,43.214116,141.642701
北海道,夕張メロード,第35回,H23.3,夕張市,http://www.hokkaido-michinoeki.jp/michinoeki/3083/,42.93699,142.038078
北海道,おだいとう,第35回,H23.3,野付郡別海町,http://www.hokkaido-michinoeki.jp/michinoeki/3099/,43.533413,145.236876
北海道,縄文ロマン　南かやべ,第36回,H23.8,函館市,http://www.hokkaido-michinoeki.jp/michinoeki/3114/,41.927921,140.94475
北海道,わっかない,第37回,H24.3,稚内市,http://www.hokkaido-michinoeki.jp/michinoeki/3126/,45.41725,141.677348
北海道,あかいがわ,第43回,H27.4,余市郡赤井川村,http://www.hokkaido-michinoeki.jp/michinoeki/3143/,43.050868,140.844843
北海道,みそぎの郷　きこない,第44回,Ｈ27.11,上磯郡木古内町,http://www.hokkaido-michinoeki.jp/michinoeki/3158/,41.678052,140.435363
北海道,しかべ間歇泉公園,第44回,Ｈ27.11,茅部郡鹿部町,http://www.hokkaido-michinoeki.jp/michinoeki/3174/,42.028522,140.830553
北海道,ノンキーランド　ひがしもこと,第47回,H29.4,網走郡大空町,http://www.hokkaido-michinoeki.jp/michinoeki/13538/,43.845319,144.294951
北海道,北欧の風　道の駅とうべつ,第47回,H29.4,石狩郡当別町,http://www.hokkaido-michinoeki.jp/michinoeki/13542/,43.177254,141.448498
北海道,石狩「あいろーど厚田」,第48回,H29.9,石狩市,http://www.hokkaido-michinoeki.jp/michinoeki/14938/,43.403873,141.43118
北海道,なないろ・ななえ,第48回,H29.9,亀田郡七飯町,http://www.hokkaido-michinoeki.jp/michinoeki/14941/,41.925666,140.655973
北海道,びえい「白金ビルケ」,第49回,H30.4,上川郡美瑛町,http://www.hokkaido-michinoeki.jp/michinoeki/16028/,,
北海道,北オホーツクはまとんべつ,第50回,H31.3,枝幸郡浜頓別町,http://www.hokkaido-michinoeki.jp/michinoeki/19522/,,
北海道,あびら D51ステーション,第50回,H31.3,勇払郡安平町,http://www.hokkaido-michinoeki.jp/michinoeki/19505/,,
北海道,遠軽 森のオホーツク,第51回,R1.6,紋別郡遠軽町,http://www.hokkaido-michinoeki.jp/michinoeki/22139/,,
北海道,るもい,第52回,R2.3,留萌市,http://www.hokkaido-michinoeki.jp/michinoeki/23225/,,
北海道,かみしほろ,第52回,R2.3,河東郡上士幌町,http://www.hokkaido-michinoeki.jp/michinoeki/23227/,,
北海道,ガーデンスパ十勝川温泉,第53回,R2.7,河東郡音更町,http://www.hokkaido-michinoeki.jp/michinoeki/26870/,,
北海道,羊のまち 侍・しべつ,第54回,R3.3,士別市,https://hokkaido-michinoeki.jp/michinoeki/33477/,,
北海道,２７５つきがた,第61回,R6.8,樺戸郡月形町,https://hokkaido-michinoeki.jp/michinoeki/53300/,,
北海道,ふるびらたらこミュージアム,第62回,R7.1,古平郡古平町,https://hokkaido-michinoeki.jp/michinoeki/55776/,,
青森県,しちのへ,第1回,H5.4,上北郡七戸町,https://www.michi-no-eki.jp/stations/views/18900,40.716825,141.15525
青森県,はしかみ,第1回,H5.4,三戸郡階上町,https://www.michi-no-eki.jp/stations/views/18901,40.458496,141.608433
青森県,虹の湖,第1回,H5.4,黒石市,https://www.michi-no-eki.jp/stations/views/18902,40.581966,140.687643
青森県,わきのさわ,第5回,H6.4,むつ市,https://www.michi-no-eki.jp/stations/views/18903,41.167961,140.80477
青森県,かわうち湖,第5回,H6.4,むつ市,https://www.michi-no-eki.jp/stations/views/18904,41.270398,140.888219
青森県,しんごう,第5回,H6.4,三戸郡新郷村,https://www.michi-no-eki.jp/stations/views/18905,40.431758,141.074445
青森県,ひろさき,第8回,H7.4,弘前市,https://www.michi-no-eki.jp/stations/views/18906,40.554752,140.548795
青森県,奥入瀬,第8回,H7.4,十和田市,https://www.michi-no-eki.jp/stations/views/18907,40.586204,141.117434
青森県,さんのへ,第10回,H8.4,三戸郡三戸町,https://www.michi-no-eki.jp/stations/views/18908,40.387808,141.255476
青森県,なみおか,第10回,H8.4,青森市,https://www.michi-no-eki.jp/stations/views/18909,40.717928,140.579519
青森県,十三湖高原,第12回,H9.4,五所川原市,https://www.michi-no-eki.jp/stations/views/18910,41.045391,140.385462
青森県,いまべつ,第12回,H9.4,東津軽郡今別町,https://www.michi-no-eki.jp/stations/views/18911,41.145511,140.514335
青森県,なんごう,第12回,H9.4,八戸市,https://www.michi-no-eki.jp/stations/views/18912,40.406785,141.43043
青森県,もりた,第14回,H10.4,つがる市,https://www.michi-no-eki.jp/stations/views/18913,40.784406,140.322251
青森県,浅虫温泉,第15回,H11.8,青森市,https://www.michi-no-eki.jp/stations/views/18914,40.891692,140.86137
青森県,いかりがせき,第15回,H11.8,平川市,https://www.michi-no-eki.jp/stations/views/18915,40.481558,140.623165
青森県,いなかだて,第15回,H11.8,南津軽郡田舎館村,https://www.michi-no-eki.jp/stations/views/18916,40.633619,140.577686
青森県,よこはま,第15回,H11.8,上北郡横浜町,https://www.michi-no-eki.jp/stations/views/18917,41.083731,141.256588
青森県,みんまや,第15回,H11.8,東津軽郡外ヶ浜町,https://www.michi-no-eki.jp/stations/views/18918,41.253834,140.346791
青森県,こどまり,第16回,H12.8,北津軽郡中泊町,https://www.michi-no-eki.jp/stations/views/18919,41.144905,140.320596
青森県,みさわ,第16回,H12.8,三沢市,https://www.michi-no-eki.jp/stations/views/18920,40.785414,141.363895
青森県,とわだ,第17回,H13.8,十和田市,https://www.michi-no-eki.jp/stations/views/18921,40.574645,141.264612
青森県,つるた,第17回,H13.8,北津軽郡鶴田町,https://www.michi-no-eki.jp/stations/views/18922,40.737146,140.442705
青森県,ふかうら,第18回,H14.8,西津軽郡深浦町,https://www.michi-no-eki.jp/stations/views/18923,40.744223,140.000469
青森県,おがわら湖,第19回,H15.8,上北郡東北町,https://www.michi-no-eki.jp/stations/views/18924,40.728039,141.274961
青森県,たいらだて,第21回,H17.8,東津軽郡外ヶ浜町,https://www.michi-no-eki.jp/stations/views/18925,41.174837,140.641197
青森県,ろくのへ,第24回,H19.8,上北郡六戸町,https://www.michi-no-eki.jp/stations/views/18926,40.606404,141.324727
青森県,津軽白神,第48回,H29.9,中津軽郡西目屋村,https://www.michi-no-eki.jp/stations/views/19899,40.577739,140.300462
岩手県,石鳥谷,第1回,H5.4,花巻市,https://www.michi-no-eki.jp/stations/views/18927,39.483271,141.142137
岩手県,高田松原,第1回,H5.4,陸前高田市,https://www.michi-no-eki.jp/stations/views/18928,39.008465,141.62854
岩手県,区界高原,第1回,H5.4,宮古市,https://www.michi-no-eki.jp/stations/views/18929,39.651615,141.35353
岩手県,おおの,第5回,H6.4,九戸郡洋野町,https://www.michi-no-eki.jp/stations/views/18930,40.279209,141.663408
岩手県,種山ヶ原,第5回,H6.4,気仙郡住田町,https://www.michi-no-eki.jp/stations/views/18931,39.179837,141.395881
岩手県,いわいずみ,第5回,H6.4,下閉伊郡岩泉町,https://www.michi-no-eki.jp/stations/views/18932,39.842305,141.862659
岩手県,のだ,第5回,H6.4,九戸郡野田村,https://www.michi-no-eki.jp/stations/views/18933,40.116105,141.818707
岩手県,たろう,第8回,H7.4,宮古市,https://www.michi-no-eki.jp/stations/views/18934,39.763489,141.965689
岩手県,たのはた,第10回,H8.4,下閉伊郡田野畑村,https://www.michi-no-eki.jp/stations/views/18935,39.909617,141.902577
岩手県,みずさわ,第10回,H8.4,奥州市,https://www.michi-no-eki.jp/stations/views/18936,39.094217,141.181477
岩手県,にしね,第10回,H8.4,八幡平市,https://www.michi-no-eki.jp/stations/views/18937,39.879967,141.099379
岩手県,白樺の里やまがた,第14回,H10.4,久慈市,https://www.michi-no-eki.jp/stations/views/18938,40.150939,141.573518
岩手県,みやもり,第14回,H10.4,遠野市,https://www.michi-no-eki.jp/stations/views/18939,39.346052,141.351304
岩手県,紫波,第14回,H10.4,紫波郡紫波町,https://www.michi-no-eki.jp/stations/views/18940,39.555555,141.206417
岩手県,はやちね,第14回,H10.4,花巻市,https://www.michi-no-eki.jp/stations/views/18941,39.536775,141.34049
岩手県,やまだ,第15回,H11.8,下閉伊郡山田町,https://www.michi-no-eki.jp/stations/views/18942,39.436905,141.973205
岩手県,遠野風の丘,第15回,H11.8,遠野市,https://www.michi-no-eki.jp/stations/views/18943,39.330925,141.501123
岩手県,さんりく,第16回,H12.8,大船渡市,https://www.michi-no-eki.jp/stations/views/18944,39.121158,141.798998
岩手県,錦秋湖,第16回,H12.8,和賀郡西和賀町,https://www.michi-no-eki.jp/stations/views/18945,39.300719,140.875147
岩手県,くずまき高原,第16回,H12.8,岩手郡葛巻町,https://www.michi-no-eki.jp/stations/views/18946,39.984567,141.339958
岩手県,石神の丘,第17回,H13.8,岩手郡岩手町,https://www.michi-no-eki.jp/stations/views/18947,39.968545,141.21381
岩手県,雫石あねっこ,第17回,H13.8,岩手郡雫石町,https://www.michi-no-eki.jp/stations/views/18948,39.706412,140.874886
岩手県,とうわ,第17回,H13.8,花巻市,https://www.michi-no-eki.jp/stations/views/18949,39.382437,141.221895
岩手県,厳美渓,第17回,H13.8,一関市,https://www.michi-no-eki.jp/stations/views/18950,38.946439,141.052885
岩手県,おりつめ,第17回,H13.8,九戸郡九戸村,https://www.michi-no-eki.jp/stations/views/18951,40.248349,141.416529
岩手県,かわさき,第18回,H14.8,一関市,https://www.michi-no-eki.jp/stations/views/18952,38.898677,141.272375
岩手県,やまびこ館,第20回,H16.8,宮古市,https://www.michi-no-eki.jp/stations/views/18953,39.648882,141.589162
岩手県,みやこ,第21回,H17.8,宮古市,https://www.michi-no-eki.jp/stations/views/18954,39.639018,141.969894
岩手県,三田貝分校,第24回,H19.8,下閉伊郡岩泉町,https://www.michi-no-eki.jp/stations/views/18955,39.871122,141.589311
岩手県,くじ,第25回,H20.4,久慈市,https://www.michi-no-eki.jp/stations/views/18956,40.189888,141.764639
岩手県,釜石仙人峠,第43回,H27.4,釜石市,https://www.michi-no-eki.jp/stations/views/19822,39.253633,141.781682
岩手県,平泉,第46回,Ｈ28.10,西磐井郡平泉町,https://www.michi-no-eki.jp/stations/views/19876,38.991816,141.121791
岩手県,むろね,第48回,Ｈ29.9,一関市,https://www.michi-no-eki.jp/stations/views/19900,38.933199,141.447163
岩手県,はなまき西南,第52回,R2.3,花巻市,https://www.michi-no-eki.jp/stations/views/19944,,
岩手県,青の国ふだい,第54回,R3.3,下閉伊郡普代村,https://www.michi-no-eki.jp/stations/views/19963,,
岩手県,いわて北三陸,第57回,R4.8,久慈市,https://www.michi-no-eki.jp/stations/views/21974,,
岩手県,だいとう,第62回,R7.1,一関市,https://www.michi-no-eki.jp/stations/views/22682,,
岩手県,もりおか渋民,第62回,R7.1,盛岡市,https://www.michi-no-eki.jp/stations/views/22683,,
岩手県,ふなこし,第62回,R7.1,下閉伊郡山田町,https://www.michi-no-eki.jp/stations/views/22684,,
宮城県,七ヶ宿,第1回,H5.4,刈田郡七ヶ宿町,https://www.michi-no-eki.jp/stations/views/18957,37.971123,140.505066
宮城県,津山,第5回,H6.4,登米市,https://www.michi-no-eki.jp/stations/views/18958,38.619593,141.325525
宮城県,三本木,第8回,H7.4,大崎市,https://www.michi-no-eki.jp/stations/views/18959,38.521611,140.938388
宮城県,路田里はなやま,第8回,H7.4,栗原市,https://www.michi-no-eki.jp/stations/views/18960,38.794418,140.844319
宮城県,大谷海岸,第10回,H8.4,気仙沼市,https://www.michi-no-eki.jp/stations/views/18961,38.814009,141.566482
宮城県,おおさと,第10回,H8.4,黒川郡大郷町,https://www.michi-no-eki.jp/stations/views/18962,38.424053,140.992791
宮城県,米山,第14回,H10.4,登米市,https://www.michi-no-eki.jp/stations/views/18963,38.627118,141.187891
宮城県,あ・ら・伊達な道の駅,第16回,H12.8,大崎市,https://www.michi-no-eki.jp/stations/views/18964,38.70744,140.833294
宮城県,林林館,第19回,H15.8,登米市,https://www.michi-no-eki.jp/stations/views/18965,38.742664,141.316076
宮城県,上品の郷,第20回,H16.8,石巻市,https://www.michi-no-eki.jp/stations/views/18966,38.501033,141.295318
宮城県,みなみかた,第20回,H16.8,登米市,https://www.michi-no-eki.jp/stations/views/18967,38.66488,141.160641
宮城県,村田,第33回,H22.3,柴田郡村田町,https://www.michi-no-eki.jp/stations/views/18968,38.118639,140.717279
宮城県,三滝堂,第44回,Ｈ27.11,登米市,https://www.michi-no-eki.jp/stations/views/19842,38.70797,141.327823
宮城県,おおさき,第50回,H31.3,大崎市,https://www.michi-no-eki.jp/stations/views/19935,,
宮城県,かくだ,第50回,H31.3,角田市,https://www.michi-no-eki.jp/stations/views/19929,,
宮城県,おながわ,第54回,R3.3,牡鹿郡女川町,https://www.michi-no-eki.jp/stations/views/19965,,
宮城県,さんさん南三陸,第54回,R3.3,本吉郡南三陸町,https://www.michi-no-eki.jp/stations/views/19966,,
宮城県,硯上の里おがつ,第54回,R3.3,石巻市,https://www.michi-no-eki.jp/stations/views/19964,,
宮城県,東松島,第61回,R6.8,東松島市,https://www.michi-no-eki.jp/stations/views/22523,,
秋田県,たかのす,第1回,H5.4,北秋田市,https://www.michi-no-eki.jp/stations/views/18969,40.251513,140.375856
秋田県,ふたつい,第5回,H6.4,能代市,https://www.michi-no-eki.jp/stations/views/18970,40.21843,140.260873
秋田県,にしめ,第8回,H7.4,由利本荘市,https://www.michi-no-eki.jp/stations/views/18971,39.36288,140.014564
秋田県,やたて峠,第8回,H7.4,大館市,https://www.michi-no-eki.jp/stations/views/18972,40.421034,140.624429
秋田県,はちもり,第8回,H7.4,山本郡八峰町,https://www.michi-no-eki.jp/stations/views/18973,40.421583,139.948678
秋田県,かづの,第8回,H7.4,鹿角市,https://www.michi-no-eki.jp/stations/views/18974,40.18184,140.785215
秋田県,かみおか,第10回,H8.4,大仙市,https://www.michi-no-eki.jp/stations/views/18975,39.522147,140.376722
秋田県,ことおか,第10回,H8.4,山本郡三種町,https://www.michi-no-eki.jp/stations/views/18976,40.022308,140.08035
秋田県,東由利,第10回,H8.4,由利本荘市,https://www.michi-no-eki.jp/stations/views/18977,39.301604,140.285026
秋田県,かみこあに,第10回,H8.4,北秋田郡上小阿仁村,https://www.michi-no-eki.jp/stations/views/18978,40.063515,140.297203
秋田県,象潟,第12回,H9.4,にかほ市,https://www.michi-no-eki.jp/stations/views/18979,39.220129,139.900182
秋田県,なかせん,第12回,H9.4,大仙市,https://www.michi-no-eki.jp/stations/views/18980,39.53854,140.533182
秋田県,おがち,第14回,H10.4,湯沢市,https://www.michi-no-eki.jp/stations/views/18981,39.065139,140.460393
秋田県,てんのう,第14回,H10.4,潟上市,https://www.michi-no-eki.jp/stations/views/18982,39.856815,140.009563
秋田県,岩城,第15回,H11.8,由利本荘市,https://www.michi-no-eki.jp/stations/views/18983,39.542084,140.052933
秋田県,しょうわ,第15回,H11.8,潟上市,https://www.michi-no-eki.jp/stations/views/18984,39.864734,140.077799
秋田県,みねはま,第15回,H11.8,山本郡八峰町,https://www.michi-no-eki.jp/stations/views/18985,40.26685,140.028074
秋田県,さんない,第15回,H11.8,横手市,https://www.michi-no-eki.jp/stations/views/18986,39.289317,140.625808
秋田県,おおうち,第16回,H12.8,由利本荘市,https://www.michi-no-eki.jp/stations/views/18987,39.442884,140.090156
秋田県,あに,第16回,H12.8,北秋田市,https://www.michi-no-eki.jp/stations/views/18988,39.901824,140.456774
秋田県,ひない,第17回,H13.8,大館市,https://www.michi-no-eki.jp/stations/views/18989,40.219348,140.585214
秋田県,五城目,第18回,H14.8,南秋田郡五城目町,https://www.michi-no-eki.jp/stations/views/18990,39.947086,140.144214
秋田県,清水の里・鳥海郷,第20回,H16.8,由利本荘市,https://www.michi-no-eki.jp/stations/views/18991,39.109541,140.291515
秋田県,美郷,第20回,H16.8,仙北郡美郷町,https://www.michi-no-eki.jp/stations/views/18992,,
秋田県,協和,第20回,H16.8,大仙市,https://www.michi-no-eki.jp/stations/views/18993,39.61884,140.362517
秋田県,十文字,第24回,H19.8,横手市,https://www.michi-no-eki.jp/stations/views/18994,39.226174,140.521447
秋田県,おおがた,第27回,H20.5,南秋田郡大潟村,https://www.michi-no-eki.jp/stations/views/18995,40.015349,139.951518
秋田県,あきた港,第33回,H22.3,秋田市,https://www.michi-no-eki.jp/stations/views/18996,39.752708,140.061005
秋田県,こさか七滝,第33回,H22.3,鹿角郡小坂町,https://www.michi-no-eki.jp/stations/views/18997,40.356598,140.781686
秋田県,大館能代空港,第34回,H22.8,北秋田市,https://www.michi-no-eki.jp/stations/views/18998,40.19197,140.371628
秋田県,うご,第45回,Ｈ28.4,雄勝郡羽後町,https://www.michi-no-eki.jp/stations/views/19860,39.200532,140.412438
秋田県,おおゆ,第48回,Ｈ29.9,鹿角市,https://www.michi-no-eki.jp/stations/views/19901,40.295831,140.82593
秋田県,おが,第49回,H30.4,男鹿市,https://www.michi-no-eki.jp/stations/views/19915,39.881945,139.848335
秋田県,十和田湖,第60回,R6.2,鹿角郡小坂町,https://www.michi-no-eki.jp/stations/views/22370,,
山形県,月山,第1回,H5.4,鶴岡市,https://www.michi-no-eki.jp/stations/views/18999,38.586994,139.874501
山形県,河北,第1回,H5.4,西村山郡河北町,https://www.michi-no-eki.jp/stations/views/19000,38.41304,140.328447
山形県,寒河江,第1回,H5.4,寒河江市,https://www.michi-no-eki.jp/stations/views/19001,38.399013,140.269891
山形県,あつみ,第1回,H5.4,鶴岡市,https://www.michi-no-eki.jp/stations/views/19002,38.580422,139.558109
山形県,にしかわ,第8回,H7.4,西村山郡西川町,https://www.michi-no-eki.jp/stations/views/19003,38.436059,140.099237
山形県,いいで,第10回,H8.4,西置賜郡飯豊町,https://www.michi-no-eki.jp/stations/views/19004,38.026065,139.994671
山形県,むらやま,第12回,H9.4,村山市,https://www.michi-no-eki.jp/stations/views/19005,38.487146,140.38231
山形県,とざわ,第12回,H9.4,最上郡戸沢村,https://www.michi-no-eki.jp/stations/views/19006,38.728688,140.161431
山形県,鳥海,第12回,H9.4,飽海郡遊佐町,https://www.michi-no-eki.jp/stations/views/19007,39.060163,139.875583
山形県,田沢,第12回,H9.4,米沢市,https://www.michi-no-eki.jp/stations/views/19008,37.877658,139.984182
山形県,白い森おぐに,第14回,H10.4,西置賜郡小国町,https://www.michi-no-eki.jp/stations/views/19009,38.071956,139.730609
山形県,おおえ,第14回,H10.4,西村山郡大江町,https://www.michi-no-eki.jp/stations/views/19010,38.367756,140.213291
山形県,庄内みかわ,第15回,H11.8,東田川郡三川町,https://www.michi-no-eki.jp/stations/views/19011,38.782805,139.84633
山形県,たかはた,第16回,H12.8,東置賜郡高畠町,https://www.michi-no-eki.jp/stations/views/19012,38.006775,140.217442
山形県,天童温泉,第20回,H16.8,天童市,https://www.michi-no-eki.jp/stations/views/19013,38.354481,140.387127
山形県,尾花沢,第23回,H19.3,尾花沢市,https://www.michi-no-eki.jp/stations/views/19014,38.656902,140.363688
山形県,白鷹ヤナ公園,第23回,H19.3,西置賜郡白鷹町,https://www.michi-no-eki.jp/stations/views/19015,38.218111,140.097322
山形県,あさひまち,第43回,H27.4,西村山郡朝日町,https://www.michi-no-eki.jp/stations/views/19823,38.327388,140.169257
山形県,しょうない,第45回,Ｈ28.4,東田川郡庄内町,https://www.michi-no-eki.jp/stations/views/19861,38.794158,139.984412
山形県,川のみなと長井,第46回,Ｈ28.10,長井市,https://www.michi-no-eki.jp/stations/views/19878,38.108211,140.043516
山形県,米沢,第48回,Ｈ29.9,米沢市,https://www.michi-no-eki.jp/stations/views/19902,37.922055,140.137017
山形県,やまがた蔵王,第59回,R5.8,山形市,https://www.michi-no-eki.jp/stations/views/22266,,
山形県,もがみ,第59回,R5.8,最上町,https://www.michi-no-eki.jp/stations/views/22267,,
山形県,新庄エコロジーガーデン原蚕の杜,第62回,R7.1,新庄市,https://www.michi-no-eki.jp/stations/views/22685,,
福島県,つちゆ,第1回,H5.4,福島市,https://www.michi-no-eki.jp/stations/views/19016,37.65512,140.334294
福島県,川俣,第5回,H6.4,伊達郡川俣町,https://www.michi-no-eki.jp/stations/views/19017,37.667818,140.576693
福島県,たじま,第8回,H7.4,南会津郡南会津町,https://www.michi-no-eki.jp/stations/views/19018,37.08655,139.727599
福島県,安達,第10回,H8.4,二本松市,https://www.michi-no-eki.jp/stations/views/19019,37.635666,140.483688
福島県,喜多の郷,第12回,H9.4,喜多方市,https://www.michi-no-eki.jp/stations/views/19020,37.701938,139.878264
福島県,裏磐梯,第12回,H9.4,耶麻郡北塩原村,https://www.michi-no-eki.jp/stations/views/19021,37.665058,140.043753
福島県,ならは,第16回,H12.8,双葉郡楢葉町,https://www.michi-no-eki.jp/stations/views/19022,37.250006,140.997626
福島県,そうま,第18回,H14.8,相馬市,https://www.michi-no-eki.jp/stations/views/19023,37.761109,140.947952
福島県,はなわ,第18回,H14.8,東白川郡塙町,https://www.michi-no-eki.jp/stations/views/19024,36.950619,140.41452
福島県,会津柳津,第18回,H14.8,河沼郡柳津町,https://www.michi-no-eki.jp/stations/views/19025,37.527693,139.722175
福島県,ふくしま東和,第20回,H16.8,二本松市,https://www.michi-no-eki.jp/stations/views/19026,37.569956,140.577349
福島県,にしあいづ,第20回,H16.8,耶麻郡西会津町,https://www.michi-no-eki.jp/stations/views/19027,37.585867,139.642595
福島県,尾瀬街道みしま宿,第22回,H18.8,大沼郡三島町,https://www.michi-no-eki.jp/stations/views/19028,37.477758,139.670802
福島県,たまかわ,第22回,H18.8,石川郡玉川村,https://www.michi-no-eki.jp/stations/views/19029,37.222832,140.418137
福島県,羽鳥湖高原,第23回,H19.3,岩瀬郡天栄村,https://www.michi-no-eki.jp/stations/views/19030,37.239976,140.063392
福島県,南相馬,第24回,H19.8,南相馬市,https://www.michi-no-eki.jp/stations/views/19031,37.635707,140.983582
福島県,しもごう,第30回,H21.3,南会津郡下郷町,https://www.michi-no-eki.jp/stations/views/19032,37.203539,139.916343
福島県,ひらた,第31回,H21.6,石川郡平田村,https://www.michi-no-eki.jp/stations/views/19033,37.250545,140.560032
福島県,よつくら港,第32回,H21.7,いわき市,https://www.michi-no-eki.jp/stations/views/19034,37.107429,140.992995
福島県,ばんだい,第32回,H21.7,耶麻郡磐梯町,https://www.michi-no-eki.jp/stations/views/19035,37.562804,139.986633
福島県,ふるどの,第33回,H22.3,石川郡古殿町,https://www.michi-no-eki.jp/stations/views/19036,37.09313,140.529774
福島県,番屋,第34回,H22.8,南会津郡南会津町,https://www.michi-no-eki.jp/stations/views/19037,37.068822,139.615486
福島県,季の里天栄,第35回,H23.3,岩瀬郡天栄村,https://www.michi-no-eki.jp/stations/views/19038,37.24366,140.244786
福島県,きらら２８９,第37回,H24.3,南会津郡南会津町,https://www.michi-no-eki.jp/stations/views/19039,37.221982,139.54266
福島県,奥会津かねやま,第39回,H25.3,大沼郡金山町,https://www.michi-no-eki.jp/stations/views/19040,37.471924,139.530583
福島県,さくらの郷,第39回,H25.3,二本松市,https://www.michi-no-eki.jp/stations/views/19041,37.53478,140.590248
福島県,あいづ　湯川・会津坂下,第41回,H26.4,河沼郡湯川村,https://www.michi-no-eki.jp/stations/views/19042,37.556999,139.863136
福島県,からむし織の里しょうわ,第41回,H26.4,大沼郡昭和村,https://www.michi-no-eki.jp/stations/views/19043,37.325463,139.630139
福島県,猪苗代,第45回,Ｈ28.4,耶麻郡猪苗代町,https://www.michi-no-eki.jp/stations/views/19862,37.538341,140.107459
福島県,国見　あつかしの郷,第46回,Ｈ28.10,伊達郡国見町,https://www.michi-no-eki.jp/stations/views/19877,37.872681,140.545612
福島県,いいたて村の道の駅までい館,第47回,H29.4,相馬郡飯舘村,https://www.michi-no-eki.jp/stations/views/19890,37.697267,140.735624
福島県,尾瀬檜枝岐,第47回,H29.4,南会津郡檜枝岐村,https://www.michi-no-eki.jp/stations/views/19891,37.032756,139.395721
福島県,伊達の郷りょうぜん,第48回,H29.9,伊達市,https://www.michi-no-eki.jp/stations/views/19903,37.766524,140.58845
福島県,なみえ,第52回,R2.3,双葉郡浪江町,https://www.michi-no-eki.jp/stations/views/19945,,
福島県,ふくしま,第55回,R3.6,福島市,https://www.michi-no-eki.jp/stations/views/19971,,
福島県,いわき・ら・ら・ミュウ,第62回,R7.1,いわき市,https://www.michi-no-eki.jp/stations/views/22686,,
福島県,石川,第64回,R7.12,石川町,,,
茨城県,かつら,第1回,H5.4,東茨城郡城里町,https://www.ktr.mlit.go.jp/road/chiiki/road_chiiki00000023.html,36.544969,140.333059
茨城県,みわ,第7回,H7.1,常陸大宮市,https://www.ktr.mlit.go.jp/road/chiiki/road_chiiki00000054.html,36.655857,140.280004
茨城県,さとみ,第8回,H7.4,常陸太田市,https://www.ktr.mlit.go.jp/road/chiiki/road_chiiki00000055.html,36.705746,140.509682
茨城県,さかい,第10回,H8.4,猿島郡境町,https://www.ktr.mlit.go.jp/road/chiiki/road_chiiki00000056.html,36.102676,139.795303
茨城県,奥久慈だいご,第14回,H10.4,久慈郡大子町,https://www.ktr.mlit.go.jp/road/chiiki/road_chiiki00000100.html,36.768585,140.359235
茨城県,しもつま,第15回,H11.8,下妻市,https://www.ktr.mlit.go.jp/road/chiiki/road_chiiki00000068.html,36.215841,139.986596
茨城県,たまつくり,第16回,H12.8,行方市,https://www.ktr.mlit.go.jp/road/chiiki/road_chiiki00000059.html,36.096394,140.403763
茨城県,いたこ,第17回,H13.8,潮来市,https://www.ktr.mlit.go.jp/road/chiiki/road_chiiki00000060.html,35.946132,140.589245
茨城県,ごか,第20回,H16.8,猿島郡五霞町,https://www.ktr.mlit.go.jp/road/chiiki/road_chiiki00000063.html,36.095277,139.758332
茨城県,まくらがの里　こが,第39回,H25.3,古河市,https://www.ktr.mlit.go.jp/road/chiiki/road_chiiki00000064.html,36.191431,139.789732
茨城県,日立おさかなセンター,第41回,H26.4,日立市,https://www.ktr.mlit.go.jp/road/chiiki/road_chiiki00000065.html,36.492354,140.615194
茨城県,常陸大宮,第44回,Ｈ27.11,常陸大宮市,https://www.ktr.mlit.go.jp/road/chiiki/road_chiiki00000066.html,36.596961,140.409616
茨城県,ひたちおおた,第44回,Ｈ27.11,常陸太田市,https://www.ktr.mlit.go.jp/road/chiiki/road_chiiki00000101.html,36.510388,140.525476
茨城県,グランテラス筑西,第51回,R1.6,筑西市,http://www.ktr.mlit.go.jp/road/chiiki/road_chiiki00000337.html,,
茨城県,かさま,第55回,R3.6,笠間市,https://www.ktr.mlit.go.jp/road/chiiki/road_chiiki00000034.html,,
茨城県,常総,第57回,R4.8,常総市,https://www.ktr.mlit.go.jp/road/chiiki/road_chiiki00000356.html,,
栃木県,もてぎ,第10回,H8.4,芳賀郡茂木町,https://www.ktr.mlit.go.jp/road/chiiki/road_chiiki00000071.html,36.527826,140.172858
栃木県,にのみや,第12回,H9.4,真岡市,https://www.ktr.mlit.go.jp/road/chiiki/road_chiiki00000072.html,36.367336,139.964996
栃木県,湯の香しおばら,第12回,H9.4,那須塩原市,https://www.ktr.mlit.go.jp/road/chiiki/road_chiiki00000057.html,36.955797,139.89933
栃木県,那須高原友愛の森,第12回,H9.4,那須郡那須町,https://www.ktr.mlit.go.jp/road/chiiki/road_chiiki00000058.html,37.041532,140.013704
栃木県,明治の森・黒磯,第12回,H9.4,那須塩原市,https://www.ktr.mlit.go.jp/road/chiiki/road_chiiki00000102.html,37.000375,139.984479
栃木県,ばとう,第14回,H10.4,那須郡那珂川町,https://www.ktr.mlit.go.jp/road/chiiki/road_chiiki00000103.html,36.747602,140.149871
栃木県,東山道伊王野,第15回,H11.8,那須郡那須町,https://www.ktr.mlit.go.jp/road/chiiki/road_chiiki00000104.html,36.954049,140.157412
栃木県,きつれがわ,第16回,H12.8,さくら市,https://www.ktr.mlit.go.jp/road/chiiki/road_chiiki00000105.html,36.715499,140.032636
栃木県,どまんなか　たぬま,第17回,H13.8,佐野市,https://www.ktr.mlit.go.jp/road/chiiki/road_chiiki00000050.html,36.343804,139.572073
栃木県,はが,第17回,H13.8,芳賀郡芳賀町,https://www.ktr.mlit.go.jp/road/chiiki/road_chiiki00000044.html,36.552381,140.058196
栃木県,那須与一の郷,第19回,H15.8,大田原市,https://www.ktr.mlit.go.jp/road/chiiki/road_chiiki00000042.html,36.863018,140.087378
栃木県,那須野が原博物館,第20回,H16.8,那須塩原市,https://www.ktr.mlit.go.jp/road/chiiki/road_chiiki00000046.html,36.899706,139.969139
栃木県,みかも,第20回,H16.8,栃木市,https://www.ktr.mlit.go.jp/road/chiiki/road_chiiki00000048.html,36.296714,139.625248
栃木県,思川,第21回,H17.8,小山市,https://www.ktr.mlit.go.jp/road/chiiki/road_chiiki00000047.html,36.308182,139.760746
栃木県,湯西川,第22回,H18.8,日光市,https://www.ktr.mlit.go.jp/road/chiiki/road_chiiki00000076.html,36.930014,139.686957
栃木県,みぶ,第32回,H21.7,下都賀郡壬生町,https://www.ktr.mlit.go.jp/road/chiiki/road_chiiki00000108.html,36.455269,139.806959
栃木県,にしかた,第32回,H21.7,栃木市,https://www.ktr.mlit.go.jp/road/chiiki/road_chiiki00000109.html,36.466687,139.74318
栃木県,しもつけ,第34回,H22.8,下野市,https://www.ktr.mlit.go.jp/road/chiiki/road_chiiki00000110.html,36.397222,139.883764
栃木県,やいた,第34回,H22.8,矢板市,https://www.ktr.mlit.go.jp/road/chiiki/road_chiiki00000111.html,36.805614,139.921615
栃木県,湧水の郷しおや,第37回,H24.3,塩谷郡塩谷町,https://www.ktr.mlit.go.jp/road/chiiki/road_chiiki00000112.html,36.764657,139.781407
栃木県,うつのみや　ろまんちっく村,第37回,H24.3,宇都宮市,https://www.ktr.mlit.go.jp/road/chiiki/road_chiiki00000113.html,36.633391,139.831313
栃木県,サシバの里いちかい,第41回,H26.4,芳賀郡市貝町,https://www.ktr.mlit.go.jp/road/chiiki/road_chiiki00000114.html,36.543766,140.10118
栃木県,日光,第43回,H27.4,日光市,https://www.ktr.mlit.go.jp/road/chiiki/road_chiiki00000115.html,36.724531,139.687888
栃木県,ましこ,第45回,Ｈ28.4,芳賀郡益子町,https://www.ktr.mlit.go.jp/road/chiiki/road_chiiki00000129.html,36.431168,140.071976
栃木県,たかねざわ　元気あっぷむら,第51回,R1.6,塩谷郡高根沢町,https://www.ktr.mlit.go.jp/road/chiiki/road_chiiki00000033.html,,
群馬県,上野,第6回,H6.8,多野郡上野村,https://www.ktr.mlit.go.jp/road/chiiki/road_chiiki00000168.html,36.080532,138.784106
群馬県,ぐりーんふらわー牧場・大胡,第8回,H7.4,前橋市,https://www.ktr.mlit.go.jp/road/chiiki/road_chiiki00000169.html,36.45906,139.136429
群馬県,六合,第10回,H8.4,吾妻郡中之条町,https://www.ktr.mlit.go.jp/road/chiiki/road_chiiki00000170.html,36.607483,138.638618
群馬県,おのこ,第10回,H8.4,渋川市,https://www.ktr.mlit.go.jp/road/chiiki/road_chiiki00000171.html,36.548114,138.952806
群馬県,上州おにし,第10回,H8.4,藤岡市,https://www.ktr.mlit.go.jp/road/chiiki/road_chiiki00000172.html,36.143093,139.040349
群馬県,川場田園プラザ,第10回,H8.4,利根郡川場村,https://www.ktr.mlit.go.jp/road/chiiki/road_chiiki00000173.html,36.687042,139.107301
群馬県,みなかみ水紀行館,第11回,H8.8,利根郡みなかみ町,https://www.ktr.mlit.go.jp/road/chiiki/road_chiiki00000174.html,36.764515,138.96767
群馬県,白沢,第12回,H9.4,沼田市,https://www.ktr.mlit.go.jp/road/chiiki/road_chiiki00000175.html,36.661698,139.120031
群馬県,草津運動茶屋公園,第14回,H10.4,吾妻郡草津町,https://www.ktr.mlit.go.jp/road/chiiki/road_chiiki00000176.html,36.614528,138.590048
群馬県,くろほね・やまびこ,第14回,H10.4,桐生市,https://www.ktr.mlit.go.jp/road/chiiki/road_chiiki00000177.html,36.491184,139.271991
群馬県,ららん藤岡,第15回,H11.8,藤岡市,https://www.ktr.mlit.go.jp/road/chiiki/road_chiiki00000178.html,36.272136,139.071644
群馬県,こもち,第16回,H12.8,渋川市,https://www.ktr.mlit.go.jp/road/chiiki/road_chiiki00000179.html,36.51514,139.016363
群馬県,月夜野矢瀬親水公園,第16回,H12.8,利根郡みなかみ町,https://www.ktr.mlit.go.jp/road/chiiki/road_chiiki00000180.html,36.6976,138.981257
群馬県,みょうぎ,第16回,H12.8,富岡市,https://www.ktr.mlit.go.jp/road/chiiki/road_chiiki00000181.html,36.299644,138.765967
群馬県,万葉の里,第16回,H12.8,多野郡神流町,https://www.ktr.mlit.go.jp/road/chiiki/road_chiiki00000182.html,36.109242,138.89783
群馬県,しもにた,第19回,H15.8,甘楽郡下仁田町,https://www.ktr.mlit.go.jp/road/chiiki/road_chiiki00000183.html,36.224036,138.802018
群馬県,富弘美術館,第21回,H17.8,みどり市,https://www.ktr.mlit.go.jp/road/chiiki/road_chiiki00000184.html,36.552559,139.372849
群馬県,たくみの里,第21回,H17.8,利根郡みなかみ町,https://www.ktr.mlit.go.jp/road/chiiki/road_chiiki00000185.html,36.69608,138.90835
群馬県,霊山たけやま,第28回,H20.8,吾妻郡中之条町,https://www.ktr.mlit.go.jp/road/chiiki/road_chiiki00000186.html,36.608929,138.829756
群馬県,よしおか温泉,第33回,H22.3,北群馬郡吉岡町,https://www.ktr.mlit.go.jp/road/chiiki/road_chiiki00000187.html,36.441341,139.035164
群馬県,赤城の恵,第34回,H22.8,前橋市,https://www.ktr.mlit.go.jp/road/chiiki/road_chiiki00000188.html,36.423695,139.128455
群馬県,甘楽,第35回,H23.3,甘楽郡甘楽町,https://www.ktr.mlit.go.jp/road/chiiki/road_chiiki00000189.html,36.233749,138.916653
群馬県,あぐりーむ昭和,第35回,H23.3,利根郡昭和村,https://www.ktr.mlit.go.jp/road/chiiki/road_chiiki00000190.html,36.612775,139.068935
群馬県,オアシスなんもく,第35回,H23.3,甘楽郡南牧村,https://www.ktr.mlit.go.jp/road/chiiki/road_chiiki00000191.html,36.178273,138.741708
群馬県,ふじみ,第35回,H23.3,前橋市,https://www.ktr.mlit.go.jp/road/chiiki/road_chiiki00000192.html,36.469383,139.094239
群馬県,おおた,第36回,H23.8,太田市,https://www.ktr.mlit.go.jp/road/chiiki/road_chiiki00000193.html,36.264641,139.296421
群馬県,八ッ場ふるさと館,第39回,H25.3,吾妻郡長野原町,https://www.ktr.mlit.go.jp/road/chiiki/road_chiiki00000194.html,36.547513,138.684273
群馬県,中山盆地,第40回,H25.10,吾妻郡高山村,https://www.ktr.mlit.go.jp/road/chiiki/road_chiiki00000195.html,36.622498,138.954257
群馬県,くらぶち小栗の里,第41回,H26.4,高崎市,https://www.ktr.mlit.go.jp/road/chiiki/road_chiiki00000196.html,36.424511,138.79314
群馬県,あがつま峡,第42回,H26.10,吾妻郡東吾妻町,https://www.ktr.mlit.go.jp/road/chiiki/road_chiiki00000197.html,36.57048,138.73569
群馬県,玉村宿,第43回,H27.4,佐波郡玉村町,https://www.ktr.mlit.go.jp/road/chiiki/road_chiiki00000198.html,36.308334,139.094585
群馬県,尾瀬かたしな,第48回,H29.9,利根郡片品村,http://www.ktr.mlit.go.jp/road/chiiki/road_chiiki00000199.html,36.773231,139.225238
群馬県,まえばし赤城,第57回,R4.8,前橋市,https://www.ktr.mlit.go.jp/road/chiiki/road_chiiki00000355.html,,
埼玉県,あらかわ,第1回,H5.4,秩父市,https://www.ktr.mlit.go.jp/road/chiiki/road_chiiki00000200.html,35.954414,139.012634
埼玉県,おがわまち,第1回,H5.4,比企郡小川町,https://www.ktr.mlit.go.jp/road/chiiki/road_chiiki00000201.html,36.052384,139.281169
埼玉県,川口・あんぎょう,第4回,H6.3,川口市,https://www.ktr.mlit.go.jp/road/chiiki/road_chiiki00000202.html,35.848019,139.765769
埼玉県,大滝温泉,第9回,H7.8,秩父市,https://www.ktr.mlit.go.jp/road/chiiki/road_chiiki00000203.html,35.95038,138.938199
埼玉県,おかべ,第10回,H8.4,深谷市,https://www.ktr.mlit.go.jp/road/chiiki/road_chiiki00000204.html,36.218524,139.24128
埼玉県,龍勢会館,第14回,H10.4,秩父市,https://www.ktr.mlit.go.jp/road/chiiki/road_chiiki00000205.html,36.049009,139.040109
埼玉県,童謡のふる里おおとね,第14回,H10.4,加須市,https://www.ktr.mlit.go.jp/road/chiiki/road_chiiki00000206.html,36.170307,139.645159
埼玉県,はなぞの,第14回,H10.4,深谷市,https://www.ktr.mlit.go.jp/road/chiiki/road_chiiki00000207.html,36.121891,139.227294
埼玉県,両神温泉薬師の湯,第15回,H11.8,秩父郡小鹿野町,https://www.ktr.mlit.go.jp/road/chiiki/road_chiiki00000208.html,36.004772,138.970964
埼玉県,かわもと,第16回,H12.8,深谷市,https://www.ktr.mlit.go.jp/road/chiiki/road_chiiki00000209.html,36.15151,139.289029
埼玉県,めぬま,第16回,H12.8,熊谷市,https://www.ktr.mlit.go.jp/road/chiiki/road_chiiki00000210.html,36.214557,139.369326
埼玉県,ちちぶ,第17回,H13.8,秩父市,https://www.ktr.mlit.go.jp/road/chiiki/road_chiiki00000211.html,35.997441,139.089397
埼玉県,アグリパークゆめすぎと,第18回,H14.8,北葛飾郡杉戸町,https://www.ktr.mlit.go.jp/road/chiiki/road_chiiki00000212.html,36.024632,139.76926
埼玉県,果樹公園あしがくぼ,第19回,H15.8,秩父郡横瀬町,https://www.ktr.mlit.go.jp/road/chiiki/road_chiiki00000213.html,35.976907,139.135557
埼玉県,いちごの里　よしみ,第20回,H16.8,比企郡吉見町,https://www.ktr.mlit.go.jp/road/chiiki/road_chiiki00000214.html,36.036356,139.457688
埼玉県,かぞわたらせ,第20回,H16.8,加須市,https://www.ktr.mlit.go.jp/road/chiiki/road_chiiki00000215.html,,
埼玉県,庄和,第20回,H16.8,春日部市,https://www.ktr.mlit.go.jp/road/chiiki/road_chiiki00000216.html,35.996791,139.79478
埼玉県,はにゅう,第24回,H19.8,羽生市,https://www.ktr.mlit.go.jp/road/chiiki/road_chiiki00000217.html,36.188737,139.51077
埼玉県,みなの,第38回,H24.9,秩父郡皆野町,https://www.ktr.mlit.go.jp/road/chiiki/road_chiiki00000218.html,36.076959,139.10965
埼玉県,和紙の里ひがしちちぶ,第46回,Ｈ28.10,秩父郡東秩父村,https://www.ktr.mlit.go.jp/road/chiiki/road_chiiki00000219.html,36.052482,139.203506
埼玉県,べに花の郷おけがわ,第61回,R6.8,桶川市,,,
千葉県,とみうら,第1回,H5.4,南房総市,https://www.ktr.mlit.go.jp/road/chiiki/road_chiiki00000220.html,35.037677,139.837131
千葉県,三芳村,第2回,H5.8,南房総市,https://www.ktr.mlit.go.jp/road/chiiki/road_chiiki00000221.html,35.034101,139.894845
千葉県,やちよ,第10回,H8.4,八千代市,https://www.ktr.mlit.go.jp/road/chiiki/road_chiiki00000222.html,35.758415,140.106749
千葉県,きょなん,第11回,H8.8,安房郡鋸南町,https://www.ktr.mlit.go.jp/road/chiiki/road_chiiki00000223.html,35.127971,139.8371
千葉県,鴨川オーシャンパーク,第12回,H9.4,鴨川市,https://www.ktr.mlit.go.jp/road/chiiki/road_chiiki00000224.html,35.063801,140.077089
千葉県,ローズマリー公園,第14回,H10.4,南房総市,https://www.ktr.mlit.go.jp/road/chiiki/road_chiiki00000225.html,35.008739,139.975265
千葉県,ふれあいパーク・きみつ,第15回,H11.8,君津市,https://www.ktr.mlit.go.jp/road/chiiki/road_chiiki00000226.html,35.198557,140.069545
千葉県,しょうなん,第16回,H12.8,柏市,https://www.ktr.mlit.go.jp/road/chiiki/road_chiiki00000227.html,35.857771,140.023254
千葉県,たけゆらの里おおたき,第16回,H12.8,夷隅郡大多喜町,https://www.ktr.mlit.go.jp/road/chiiki/road_chiiki00000228.html,35.254825,140.258616
千葉県,多古,第17回,H13.8,香取郡多古町,https://www.ktr.mlit.go.jp/road/chiiki/road_chiiki00000229.html,35.731283,140.475285
千葉県,あずの里いちはら,第18回,H14.8,市原市,https://www.ktr.mlit.go.jp/road/chiiki/road_chiiki00000230.html,35.463859,140.109646
千葉県,くりもと,第18回,H14.8,香取市,https://www.ktr.mlit.go.jp/road/chiiki/road_chiiki00000231.html,35.805852,140.469942
千葉県,ちくら・潮風王国,第18回,H14.8,南房総市,https://www.ktr.mlit.go.jp/road/chiiki/road_chiiki00000232.html,34.929901,139.952093
千葉県,富楽里とみやま,第18回,H14.8,南房総市,https://www.ktr.mlit.go.jp/road/chiiki/road_chiiki00000233.html,35.100508,139.855614
千葉県,おおつの里,第19回,H15.8,南房総市,https://www.ktr.mlit.go.jp/road/chiiki/road_chiiki00000234.html,35.057716,139.860365
千葉県,オライはすぬま,第20回,H16.8,山武市,https://www.ktr.mlit.go.jp/road/chiiki/road_chiiki00000235.html,35.601796,140.501594
千葉県,ながら,第20回,H16.8,長生郡長柄町,https://www.ktr.mlit.go.jp/road/chiiki/road_chiiki00000236.html,35.457308,140.20666
千葉県,むつざわスマートウェルネスタウン・道の駅・つどいの郷,第20回,H16.8,長生郡睦沢町,https://www.ktr.mlit.go.jp/road/chiiki/road_chiiki00000342.html,,
千葉県,白浜野島崎,第21回,H17.8,南房総市,https://www.ktr.mlit.go.jp/road/chiiki/road_chiiki00000238.html,34.906249,139.877387
千葉県,水の郷さわら,第33回,H22.3,香取市,https://www.ktr.mlit.go.jp/road/chiiki/road_chiiki00000240.html,35.896313,140.505908
千葉県,風和里しばやま,第36回,H23.8,山武郡芝山町,https://www.ktr.mlit.go.jp/road/chiiki/road_chiiki00000241.html,35.695064,140.41003
千葉県,和田浦　WA・O！,第38回,H24.9,南房総市,https://www.ktr.mlit.go.jp/road/chiiki/road_chiiki00000242.html,35.042582,140.02057
千葉県,発酵の里こうざき,第42回,H26.10,香取郡神崎町,https://www.ktr.mlit.go.jp/road/chiiki/road_chiiki00000243.html,35.90023,140.3797
千葉県,季楽里あさひ,第43回,H27.4,旭市,https://www.ktr.mlit.go.jp/road/chiiki/road_chiiki00000244.html,35.717856,140.675557
千葉県,保田小学校,第43回,H27.4,安房郡鋸南町,https://www.ktr.mlit.go.jp/road/chiiki/road_chiiki00000245.html,35.143021,139.843945
千葉県,みのりの郷東金,第44回,Ｈ27.11,東金市,https://www.ktr.mlit.go.jp/road/chiiki/road_chiiki00000246.html,35.577214,140.383675
千葉県,木更津 うまくたの里,第47回,H29.4,木更津市,https://www.ktr.mlit.go.jp/road/chiiki/road_chiiki00000247.html,35.359948,140.052479
千葉県,いちかわ,第48回,H29.9,市川市,http://www.ktr.mlit.go.jp/road/chiiki/road_chiiki00000248.html,35.748842,139.919413
千葉県,グリーンファーム館山,第59回,R5.8,館山市,https://www.ktr.mlit.go.jp/road/chiiki/road_chiiki00000361.html,,
東京都,八王子滝山,第21回,H17.8,八王子市,https://www.ktr.mlit.go.jp/road/chiiki/road_chiiki00000249.html,35.686624,139.341475
神奈川県,箱根峠,第8回,H7.4,足柄下郡箱根町,https://www.ktr.mlit.go.jp/road/chiiki/road_chiiki00000140.html,35.186764,139.01561
神奈川県,山北,第12回,H9.4,足柄上郡山北町,https://www.ktr.mlit.go.jp/road/chiiki/road_chiiki00000144.html,35.379876,139.031484
神奈川県,清川,第44回,Ｈ27.11,愛甲郡清川村,https://www.ktr.mlit.go.jp/road/chiiki/road_chiiki00000146.html,35.482522,139.277173
神奈川県,足柄・金太郎のふるさと,第52回,R2.3,南足柄市,https://www.ktr.mlit.go.jp/road/chiiki/road_chiiki00000237.html,,
神奈川県,湘南ちがさき,第62回,R7.1,茅ヶ崎市,,,
新潟県,豊栄,第1回,H5.4,新潟市,https://www.hokuriku-michinoeki.jp/contents/station/?sta=000001,37.957911,139.22301
新潟県,加治川,第1回,H5.4,新発田市,https://www.hokuriku-michinoeki.jp/contents/station/?sta=000002,38.002344,139.372422
新潟県,神林,第1回,H5.4,村上市,https://www.hokuriku-michinoeki.jp/contents/station/?sta=000003,38.172483,139.461065
新潟県,朝日,第1回,H5.4,村上市,https://www.hokuriku-michinoeki.jp/contents/station/?sta=000004,38.28213,139.522424
新潟県,新潟ふるさと村,第1回,H5.4,新潟市,https://www.hokuriku-michinoeki.jp/contents/station/?sta=000005,37.866345,139.020212
新潟県,能生,第1回,H5.4,糸魚川市,https://www.hokuriku-michinoeki.jp/contents/station/?sta=000006,37.113566,138.003775
新潟県,みかわ,第1回,H5.4,東蒲原郡阿賀町,https://www.hokuriku-michinoeki.jp/contents/station/?sta=000007,37.717757,139.360096
新潟県,関川,第1回,H5.4,岩船郡関川村,https://www.hokuriku-michinoeki.jp/contents/station/?sta=000008,38.091473,139.567001
新潟県,ちぢみの里おぢや,第5回,H6.4,小千谷市,https://www.hokuriku-michinoeki.jp/contents/station/?sta=000009,37.305143,138.822908
新潟県,阿賀の里,第5回,H6.4,東蒲原郡阿賀町,https://www.hokuriku-michinoeki.jp/contents/station/?sta=000010,37.738014,139.307189
新潟県,笹川流れ,第5回,H6.4,村上市,https://www.hokuriku-michinoeki.jp/contents/station/?sta=000011,38.375179,139.458521
新潟県,越後出雲崎　天領の里,第5回,H6.4,三島郡出雲崎町,https://www.hokuriku-michinoeki.jp/contents/station/?sta=000012,37.538886,138.678709
新潟県,胎内,第5回,H6.4,胎内市,https://www.hokuriku-michinoeki.jp/contents/station/?sta=000013,38.06349,139.452974
新潟県,ゆのたに,第6回,H6.8,魚沼市,https://www.hokuriku-michinoeki.jp/contents/station/?sta=000014,37.22384,138.983034
新潟県,良寛の里　わしま,第9回,H7.8,長岡市,https://www.hokuriku-michinoeki.jp/contents/station/?sta=000015,37.581607,138.75906
新潟県,まつだいふるさと会館,第9回,H7.8,十日町市,https://www.hokuriku-michinoeki.jp/contents/station/?sta=000016,37.132612,138.613829
新潟県,越後市振の関,第12回,H9.4,糸魚川市,https://www.hokuriku-michinoeki.jp/contents/station/?sta=000017,36.979982,137.644765
新潟県,クロス１０十日町,第12回,H9.4,十日町市,https://www.hokuriku-michinoeki.jp/contents/station/?sta=000018,37.138442,138.761379
新潟県,漢学の里しただ,第12回,H9.4,三条市,https://www.hokuriku-michinoeki.jp/contents/station/?sta=000019,37.541809,139.102003
新潟県,風の丘米山,第13回,H9.10,柏崎市,https://www.hokuriku-michinoeki.jp/contents/station/?sta=000020,37.346515,138.489921
新潟県,いりひろせ,第13回,H9.10,魚沼市,https://www.hokuriku-michinoeki.jp/contents/station/?sta=000021,37.355921,139.057244
新潟県,西山ふるさと公苑,第14回,H10.4,柏崎市,https://www.hokuriku-michinoeki.jp/contents/station/?sta=000022,37.450675,138.662132
新潟県,あらい,第15回,H11.8,妙高市,https://www.hokuriku-michinoeki.jp/contents/station/?sta=000023,37.026118,138.225886
新潟県,Ｒ２９０とちお,第15回,H11.8,長岡市,https://www.hokuriku-michinoeki.jp/contents/station/?sta=000024,37.4596,139.007266
新潟県,あいぽーと佐渡,第15回,H11.8,佐渡市,https://www.hokuriku-michinoeki.jp/contents/station/?sta=000025,,
新潟県,親不知ピアパーク,第16回,H12.8,糸魚川市,https://www.hokuriku-michinoeki.jp/contents/station/?sta=000026,37.003157,137.730284
新潟県,瀬替えの郷せんだ,第16回,H12.8,十日町市,https://www.hokuriku-michinoeki.jp/contents/station/?sta=000027,37.199042,138.686354
新潟県,雪のふるさと　やすづか,第17回,H13.8,上越市,https://www.hokuriku-michinoeki.jp/contents/station/?sta=000028,37.095594,138.470325
新潟県,じょんのびの里高柳,第17回,H13.8,柏崎市,https://www.hokuriku-michinoeki.jp/contents/station/?sta=000029,37.213362,138.634208
新潟県,花夢里にいつ,第18回,H14.8,新潟市,https://www.hokuriku-michinoeki.jp/contents/station/?sta=000030,37.792591,139.078895
新潟県,国上,第18回,H14.8,燕市,https://www.hokuriku-michinoeki.jp/contents/station/?sta=000031,37.662885,138.82518
新潟県,越後川口,第19回,H15.8,長岡市,https://www.hokuriku-michinoeki.jp/contents/station/?sta=000032,37.260895,138.867639
新潟県,よしかわ杜氏の郷,第19回,H15.8,上越市,https://www.hokuriku-michinoeki.jp/contents/station/?sta=000033,37.241652,138.376971
新潟県,うみてらす名立,第28回,H20.8,上越市,https://www.hokuriku-michinoeki.jp/contents/station/?sta=000034,37.163533,138.086691
新潟県,南魚沼,第37回,H24.3,南魚沼市,https://www.hokuriku-michinoeki.jp/contents/station/?sta=000035,37.003069,138.819214
新潟県,パティオにいがた,第39回,H25.3,見附市,https://www.hokuriku-michinoeki.jp/contents/station/?sta=000036,37.546709,138.883471
新潟県,みつまた,第40回,H25.10,南魚沼郡湯沢町,https://www.hokuriku-michinoeki.jp/contents/station/?sta=000037,36.899692,138.777175
新潟県,燕三条地場産センター,第44回,Ｈ27.11,三条市,https://www.hokuriku-michinoeki.jp/contents/station/?sta=000038,37.649263,138.933464
新潟県,庭園の郷 保内,第46回,Ｈ28.10,三条市,https://www.hokuriku-michinoeki.jp/contents/station/?sta=000077,37.647125,139.026294
新潟県,たがみ,第52回,R2.3,南蒲原郡田上町,https://www.hokuriku-michinoeki.jp/contents/station/?sta=000081,,
新潟県,ながおか花火館,第52回,R2.3,長岡市,https://www.hokuriku-michinoeki.jp/contents/station/?sta=000082,,
新潟県,あがの,第56回,R4.2,阿賀野市,https://www.hokuriku-michinoeki.jp/contents/station/?sta=000084,,
富山県,細入,第1回,H5.4,富山市,https://www.hokuriku-michinoeki.jp/contents/station/?sta=000039,36.488578,137.238122
富山県,砺波,第1回,H5.4,砺波市,https://www.hokuriku-michinoeki.jp/contents/station/?sta=000040,36.641487,136.960092
富山県,上平,第1回,H5.4,南砺市,https://www.hokuriku-michinoeki.jp/contents/station/?sta=000041,36.377491,136.871469
富山県,利賀,第1回,H5.4,南砺市,https://www.hokuriku-michinoeki.jp/contents/station/?sta=000042,36.524368,137.026689
富山県,井波,第1回,H5.4,南砺市,https://www.hokuriku-michinoeki.jp/contents/station/?sta=000043,36.561509,136.977887
富山県,福光,第8回,H7.4,南砺市,https://www.hokuriku-michinoeki.jp/contents/station/?sta=000044,36.56642,136.861892
富山県,たいら,第11回,H8.8,南砺市,https://www.hokuriku-michinoeki.jp/contents/station/?sta=000045,36.445401,136.973962
富山県,庄川,第12回,H9.4,砺波市,https://www.hokuriku-michinoeki.jp/contents/station/?sta=000046,36.574333,136.979909
富山県,うなづき,第12回,H9.4,黒部市,https://www.hokuriku-michinoeki.jp/contents/station/?sta=000047,36.860426,137.541559
富山県,まるごと射水,第14回,H10.4,射水市,https://www.hokuriku-michinoeki.jp/contents/station/?sta=000048,,
富山県,ウェーブパークなめりかわ,第14回,H10.4,滑川市,https://www.hokuriku-michinoeki.jp/contents/station/?sta=000049,36.774377,137.344456
富山県,氷見,第15回,H11.8,氷見市,https://www.hokuriku-michinoeki.jp/contents/station/?sta=000050,36.864417,136.98721
富山県,万葉の里　高岡,第21回,H17.8,高岡市,https://www.hokuriku-michinoeki.jp/contents/station/?sta=000051,36.736714,136.969352
富山県,メルヘンおやべ,第32回,H21.7,小矢部市,https://www.hokuriku-michinoeki.jp/contents/station/?sta=000052,36.689471,136.876688
富山県,雨晴,第48回,H29.9,高岡市,https://www.hokuriku-michinoeki.jp/contents/station/?sta=000079,36.814906,137.041623
富山県,KOKOくろべ,第55回,R3.6,黒部市,https://www.hokuriku-michinoeki.jp/contents/station/?sta=000083,,
石川県,千枚田ポケットパーク,第1回,H5.4,輪島市,https://www.hokuriku-michinoeki.jp/contents/station/?sta=000053,37.424166,136.997631
石川県,高松,第1回,H5.4,かほく市,https://www.hokuriku-michinoeki.jp/contents/station/?sta=000054,36.786301,136.724691
石川県,いおり,第12回,H9.4,七尾市,https://www.hokuriku-michinoeki.jp/contents/station/?sta=000055,37.028825,137.04653
石川県,桜峠,第12回,H9.4,鳳珠郡能登町,https://www.hokuriku-michinoeki.jp/contents/station/?sta=000056,37.331392,137.011255
石川県,しらやまさん,第14回,H10.4,能美市,https://www.hokuriku-michinoeki.jp/contents/station/?sta=000057,36.436858,136.630473
石川県,なかじまロマン峠,第15回,H11.8,七尾市,https://www.hokuriku-michinoeki.jp/contents/station/?sta=000058,37.130547,136.863246
石川県,赤神,第18回,H14.8,輪島市,https://www.hokuriku-michinoeki.jp/contents/station/?sta=000059,37.248239,136.709447
石川県,とぎ海街道,第18回,H14.8,羽咋郡志賀町,https://www.hokuriku-michinoeki.jp/contents/station/?sta=000060,37.140177,136.724883
石川県,輪島,第18回,H14.8,輪島市,https://www.hokuriku-michinoeki.jp/contents/station/?sta=000061,37.388618,136.905971
石川県,ころ柿の里しか,第19回,H15.8,羽咋郡志賀町,https://www.hokuriku-michinoeki.jp/contents/station/?sta=000062,37.006873,136.780021
石川県,瀬女,第19回,H15.8,白山市,https://www.hokuriku-michinoeki.jp/contents/station/?sta=000063,36.288121,136.649387
石川県,一向一揆の里,第19回,H15.8,白山市,https://www.hokuriku-michinoeki.jp/contents/station/?sta=000064,36.360442,136.599083
石川県,のと里山空港,第19回,H15.8,輪島市,https://www.hokuriku-michinoeki.jp/contents/station/?sta=000065,37.295041,136.957128
石川県,倶利伽羅　源平の郷,第20回,H16.8,河北郡津幡町,https://www.hokuriku-michinoeki.jp/contents/station/?sta=000066,36.662745,136.768516
石川県,山中温泉　ゆけむり健康村,第20回,H16.8,加賀市,https://www.hokuriku-michinoeki.jp/contents/station/?sta=000067,36.2377,136.367516
石川県,のとじま,第20回,H16.8,七尾市,https://www.hokuriku-michinoeki.jp/contents/station/?sta=000068,37.137359,136.998241
石川県,すず塩田村,第21回,H17.8,珠洲市,https://www.hokuriku-michinoeki.jp/contents/station/?sta=000069,37.486335,137.113786
石川県,内灘サンセットパーク,第23回,H19.3,河北郡内灘町,https://www.hokuriku-michinoeki.jp/contents/station/?sta=000070,36.659196,136.648897
石川県,能登食祭市場,第30回,H21.3,七尾市,https://www.hokuriku-michinoeki.jp/contents/station/?sta=000071,37.048985,136.968984
石川県,こまつ木場潟,第33回,H22.3,小松市,https://www.hokuriku-michinoeki.jp/contents/station/?sta=000072,36.370006,136.46236
石川県,狼煙,第33回,H22.3,珠洲市,https://www.hokuriku-michinoeki.jp/contents/station/?sta=000073,37.525975,137.324423
石川県,すずなり,第33回,H22.3,珠洲市,https://www.hokuriku-michinoeki.jp/contents/station/?sta=000074,37.441561,137.269964
石川県,織姫の里なかのと,第40回,H25.10,鹿島郡中能登町,https://www.hokuriku-michinoeki.jp/contents/station/?sta=000075,36.969954,136.904789
石川県,あなみず,第44回,Ｈ27.11,鳳珠郡穴水町,https://www.hokuriku-michinoeki.jp/contents/station/?sta=000076,37.228375,136.905684
石川県,のと千里浜,第46回,Ｈ28.10,羽咋市,https://www.hokuriku-michinoeki.jp/contents/station/?sta=000078,36.886027,136.768455
石川県,めぐみ白山,第48回,Ｈ29.9,白山市,https://www.hokuriku-michinoeki.jp/contents/station/?sta=000080,36.506041,136.553443
福井県,河野,第5回,H6.4,南条郡南越前町,https://www.kkr.mlit.go.jp/road/michi_no_eki/contents/fukui/kouno.html,35.796725,136.091944
福井県,九頭竜,第5回,H6.4,大野市,https://www.kkr.mlit.go.jp/road/michi_no_eki/contents/fukui/kuzuryu.html,35.904237,136.661465
福井県,パークイン丹生ヶ丘,第10回,H8.4,丹生郡越前町,https://www.kkr.mlit.go.jp/road/michi_no_eki/contents/fukui/parkinnyugaoka.html,35.969483,136.119514
福井県,名田庄,第14回,H10.4,大飯郡おおい町,https://www.kkr.mlit.go.jp/road/michi_no_eki/contents/fukui/natasyou.html,35.394631,135.584223
福井県,みくに,第14回,H10.4,坂井市,https://www.kkr.mlit.go.jp/road/michi_no_eki/contents/fukui/mikuni.html,36.189567,136.139071
福井県,若狭熊川宿,第14回,H10.4,三方上中郡若狭町,https://www.kkr.mlit.go.jp/road/michi_no_eki/contents/fukui/wakasakumakawasyuku.html,35.440696,135.906077
福井県,さかい,第16回,H12.8,坂井市,https://www.kkr.mlit.go.jp/road/michi_no_eki/contents/fukui/sakai.html,36.17097,136.220972
福井県,シーサイド高浜,第17回,H13.8,大飯郡高浜町,https://www.kkr.mlit.go.jp/road/michi_no_eki/contents/fukui/seasidetakahama.html,35.489052,135.595496
福井県,若狭おばま,第35回,H23.3,小浜市,https://www.kkr.mlit.go.jp/road/michi_no_eki/contents/fukui/wakasaobama.html,35.491969,135.763095
福井県,うみんぴあ大飯,第38回,H24.9,大飯郡おおい町,https://www.kkr.mlit.go.jp/road/michi_no_eki/contents/fukui/uminpiaooi.html,35.481269,135.62998
福井県,西山公園,第39回,H25.3,鯖江市,https://www.kkr.mlit.go.jp/road/michi_no_eki/contents/fukui/nisiyamakouen.html,35.948661,136.180677
福井県,越前,第40回,H25.10,丹生郡越前町,https://www.kkr.mlit.go.jp/road/michi_no_eki/contents/fukui/echizen.html,35.91988,135.997047
福井県,三方五湖,第41回,H26.4,三方上中郡若狭町,https://www.kkr.mlit.go.jp/road/michi_no_eki/contents/fukui/mikatagoko.html,35.56019,135.894361
福井県,一乗谷あさくら水の駅,第42回,H26.10,福井市,https://www.kkr.mlit.go.jp/road/michi_no_eki/contents/fukui/ichijoudaniasakura.html,36.020564,136.29458
福井県,禅の里,第44回,Ｈ27.11,吉田郡永平寺町,https://www.kkr.mlit.go.jp/road/michi_no_eki/contents/fukui/zennosato.html,36.080049,136.398654
福井県,恐竜渓谷かつやま,第52回,R2.3,勝山市,https://www.kkr.mlit.go.jp/road/michi_no_eki/contents/fukui/kyouryukeikokukatsuyama.html,,
福井県,越前おおの荒島の郷,第54回,R3.3,大野市,https://www.kkr.mlit.go.jp/road/michi_no_eki/contents/fukui/echizenonoarashimanosato.html,,
福井県,南えちぜん山海里,第54回,R3.3,南条郡南越前町,https://www.kkr.mlit.go.jp/road/michi_no_eki/contents/fukui/minamiechizensankairi.html,,
福井県,越前たけふ,第57回,R4.8,越前市,,,
福井県,蓮如の里あわら,第58回,R5.2,あわら市,,,
福井県,若狭美浜はまびより,第58回,R5.2,三方郡美浜町,,,
山梨県,とみざわ,第1回,H5.4,南巨摩郡南部町,https://www.ktr.mlit.go.jp/road/chiiki/road_chiiki00000250.html,35.241785,138.485051
山梨県,甲斐大和,第7回,H7.1,甲州市,https://www.ktr.mlit.go.jp/road/chiiki/road_chiiki00000251.html,35.635934,138.792714
山梨県,なるさわ,第7回,H7.1,南都留郡鳴沢村,https://www.ktr.mlit.go.jp/road/chiiki/road_chiiki00000252.html,35.480152,138.698504
山梨県,みとみ,第12回,H9.4,山梨市,https://www.ktr.mlit.go.jp/road/chiiki/road_chiiki00000253.html,35.862552,138.75525
山梨県,しもべ,第12回,H9.4,南巨摩郡身延町,https://www.ktr.mlit.go.jp/road/chiiki/road_chiiki00000254.html,35.469985,138.512894
山梨県,とよとみ,第14回,H10.4,中央市,https://www.ktr.mlit.go.jp/road/chiiki/road_chiiki00000255.html,35.58494,138.545212
山梨県,にらさき,第14回,H10.4,韮崎市,https://www.ktr.mlit.go.jp/road/chiiki/road_chiiki00000256.html,35.748412,138.43859
山梨県,どうし,第14回,H10.4,南都留郡道志村,https://www.ktr.mlit.go.jp/road/chiiki/road_chiiki00000257.html,35.503387,138.989848
山梨県,かつやま,第14回,H10.4,南都留郡富士河口湖町,https://www.ktr.mlit.go.jp/road/chiiki/road_chiiki00000258.html,35.504346,138.734305
山梨県,花かげの郷まきおか,第15回,H11.8,山梨市,https://www.ktr.mlit.go.jp/road/chiiki/road_chiiki00000259.html,35.754462,138.718368
山梨県,はくしゅう,第16回,H12.8,北杜市,https://www.ktr.mlit.go.jp/road/chiiki/road_chiiki00000260.html,35.810325,138.330655
山梨県,富士吉田,第18回,H14.8,富士吉田市,https://www.ktr.mlit.go.jp/road/chiiki/road_chiiki00000261.html,35.459186,138.80198
山梨県,南きよさと,第18回,H14.8,北杜市,https://www.ktr.mlit.go.jp/road/chiiki/road_chiiki00000262.html,35.865738,138.427786
山梨県,しらね,第18回,H14.8,南アルプス市,https://www.ktr.mlit.go.jp/road/chiiki/road_chiiki00000263.html,35.638031,138.471159
山梨県,こぶちさわ,第20回,H16.8,北杜市,https://www.ktr.mlit.go.jp/road/chiiki/road_chiiki00000264.html,35.878901,138.316714
山梨県,みのぶ,第21回,H17.8,南巨摩郡身延町,https://www.ktr.mlit.go.jp/road/chiiki/road_chiiki00000265.html,,
山梨県,たばやま,第28回,H20.8,北都留郡丹波山村,https://www.ktr.mlit.go.jp/road/chiiki/road_chiiki00000266.html,35.78926,138.923819
山梨県,富士川,第41回,H26.4,南巨摩郡富士川町,https://www.ktr.mlit.go.jp/road/chiiki/road_chiiki00000267.html,35.557015,138.472064
山梨県,こすげ,第41回,H26.4,北都留郡小菅村,https://www.ktr.mlit.go.jp/road/chiiki/road_chiiki00000268.html,35.75396,138.949946
山梨県,つる,第45回,Ｈ28.4,都留市,https://www.ktr.mlit.go.jp/road/chiiki/road_chiiki00000269.html,35.582917,138.931227
山梨県,なんぶ,第48回,Ｈ29.9,南巨摩郡南部町,http://www.ktr.mlit.go.jp/road/chiiki/road_chiiki00000270.html,35.306755,138.446941
山梨県,にしじま和紙の里かみすきパーク,第61回,R6.8,南巨摩郡身延町,,,
長野県,信州新町,第1回,H5.4,長野市,https://www.ktr.mlit.go.jp/road/chiiki/road_chiiki00000271.html,36.585417,138.052742
長野県,長野市大岡特産センター,第1回,H5.4,長野市,https://www.ktr.mlit.go.jp/road/chiiki/road_chiiki00000272.html,36.526393,137.958136
長野県,信越さかえ,第1回,H5.4,下水内郡栄村,https://www.ktr.mlit.go.jp/road/chiiki/road_chiiki00000273.html,36.988484,138.58168
長野県,小坂田公園,第8回,H7.4,塩尻市,https://www.ktr.mlit.go.jp/road/chiiki/road_chiiki00000274.html,36.106347,137.988191
長野県,池田,第8回,H7.4,北安曇郡池田町,https://www.ktr.mlit.go.jp/road/chiiki/road_chiiki00000275.html,36.397074,137.884637
長野県,中条,第8回,H7.4,長野市,https://www.ktr.mlit.go.jp/road/chiiki/road_chiiki00000276.html,36.6038,138.01617
長野県,みまき,第8回,H7.4,東御市,https://www.ktr.mlit.go.jp/road/chiiki/road_chiiki00000277.html,36.334784,138.359566
長野県,白馬,第10回,H8.4,北安曇郡白馬村,https://www.ktr.mlit.go.jp/road/chiiki/road_chiiki00000278.html,36.65359,137.847327
長野県,ふるさと豊田,第13回,H9.10,中野市,https://www.ktr.mlit.go.jp/road/chiiki/road_chiiki00000279.html,36.800516,138.322324
長野県,マルメロの駅ながと,第13回,H9.10,小県郡長和町,https://www.ktr.mlit.go.jp/road/chiiki/road_chiiki00000280.html,36.272941,138.257588
長野県,ほっとぱ～く・浅科,第14回,H10.4,佐久市,https://www.ktr.mlit.go.jp/road/chiiki/road_chiiki00000281.html,,
長野県,アルプス安曇野　ほりがねの里,第14回,H10.4,安曇野市,https://www.ktr.mlit.go.jp/road/chiiki/road_chiiki00000282.html,36.293496,137.87772
長野県,安曇野松川,第14回,H10.4,北安曇郡松川村,https://www.ktr.mlit.go.jp/road/chiiki/road_chiiki00000283.html,36.396278,137.867643
長野県,風穴の里,第14回,H10.4,松本市,https://www.ktr.mlit.go.jp/road/chiiki/road_chiiki00000284.html,36.153326,137.752097
長野県,北信州やまのうち,第14回,H10.4,下高井郡山ノ内町,https://www.ktr.mlit.go.jp/road/chiiki/road_chiiki00000285.html,36.741351,138.404622
長野県,上田　道と川の駅,第14回,H10.4,上田市,https://www.ktr.mlit.go.jp/road/chiiki/road_chiiki00000286.html,36.407122,138.205586
長野県,信州蔦木宿,第14回,H10.4,諏訪郡富士見町,https://www.ktr.mlit.go.jp/road/chiiki/road_chiiki00000287.html,35.863269,138.276911
長野県,しなの,第15回,H11.8,上水内郡信濃町,https://www.ktr.mlit.go.jp/road/chiiki/road_chiiki00000288.html,36.818291,138.190162
長野県,小谷,第15回,H11.8,北安曇郡小谷村,https://www.ktr.mlit.go.jp/road/chiiki/road_chiiki00000289.html,36.845261,137.90044
長野県,さかきた,第16回,H12.8,東筑摩郡筑北村,https://www.ktr.mlit.go.jp/road/chiiki/road_chiiki00000290.html,36.426378,138.012124
長野県,ぽかぽかランド美麻,第16回,H12.8,大町市,https://www.ktr.mlit.go.jp/road/chiiki/road_chiiki00000291.html,36.605338,137.895563
長野県,オアシスおぶせ,第18回,H14.8,上高井郡小布施町,https://www.ktr.mlit.go.jp/road/chiiki/road_chiiki00000292.html,36.689123,138.294865
長野県,雷電くるみの里,第19回,H15.8,東御市,https://www.ktr.mlit.go.jp/road/chiiki/road_chiiki00000293.html,36.355715,138.373897
長野県,花の駅　千曲川,第21回,H17.8,飯山市,https://www.ktr.mlit.go.jp/road/chiiki/road_chiiki00000294.html,36.881511,138.387761
長野県,あおき,第21回,H17.8,小県郡青木村,https://www.ktr.mlit.go.jp/road/chiiki/road_chiiki00000295.html,36.372865,138.140884
長野県,おがわ,第24回,H19.8,上水内郡小川村,https://www.ktr.mlit.go.jp/road/chiiki/road_chiiki00000296.html,36.6133,137.990556
長野県,美ヶ原高原,第24回,H19.8,上田市,https://www.ktr.mlit.go.jp/road/chiiki/road_chiiki00000297.html,36.230635,138.140325
長野県,今井　恵みの里,第32回,H21.7,松本市,https://www.ktr.mlit.go.jp/road/chiiki/road_chiiki00000298.html,36.148281,137.902754
長野県,FARMUS 木島平,第43回,H27.4,下高井郡木島平村,https://www.ktr.mlit.go.jp/road/chiiki/road_chiiki00000299.html,36.852148,138.388223
長野県,ヘルシーテラス佐久南,第46回,Ｈ28.10,佐久市,https://www.ktr.mlit.go.jp/road/chiiki/road_chiiki00000300.html,36.236692,138.440822
長野県,女神の里たてしな,第48回,Ｈ29.9,北佐久郡立科町,https://www.ktr.mlit.go.jp/road/chiiki/road_chiiki00000301.html,36.276288,138.331675
長野県,いくさかの郷,第49回,H30.4,東筑摩郡生坂村,https://www.ktr.mlit.go.jp/road/chiiki/road_chiiki00000336.html,36.424169,137.931389
長野県,野沢温泉,第51回,R1.6,下高井郡野沢温泉村,https://www.ktr.mlit.go.jp/road/chiiki/road_chiiki00000340.html,,
長野県,ビーナスライン蓼科湖,第52回,R2.3,茅野市,https://www.ktr.mlit.go.jp/road/chiiki/road_chiiki00000352.html,,
長野県,和田宿ステーション,第58回,R5.2,小県郡長和町,https://www.ktr.mlit.go.jp/road/chiiki/road_chiiki00000358.html,,
長野県,日義木曽駒高原,第1回,H5.4,木曽郡木曽町,https://www.cbr.mlit.go.jp/michinoeki/nagano/nagano01.html,35.86647,137.740033
長野県,大桑,第1回,H5.4,木曽郡大桑村,https://www.cbr.mlit.go.jp/michinoeki/nagano/nagano02.html,35.682094,137.653467
長野県,奈良井木曽の大橋,第1回,H5.4,塩尻市,https://www.cbr.mlit.go.jp/michinoeki/nagano/nagano03.html,35.965946,137.814405
長野県,信州平谷,第6回,H6.8,下伊那郡平谷村,https://www.cbr.mlit.go.jp/michinoeki/nagano/nagano04.html,35.324356,137.631746
長野県,信濃路下條,第9回,H7.8,下伊那郡下條村,https://www.cbr.mlit.go.jp/michinoeki/nagano/nagano05.html,35.417125,137.794249
長野県,南アルプスむら長谷,第12回,H9.4,伊那市,https://www.cbr.mlit.go.jp/michinoeki/nagano/nagano06.html,35.809814,138.083709
長野県,木曽ならかわ,第15回,H11.8,塩尻市,https://www.cbr.mlit.go.jp/michinoeki/nagano/nagano07.html,35.986202,137.841959
長野県,三岳,第15回,H11.8,木曽郡木曽町,https://www.cbr.mlit.go.jp/michinoeki/nagano/nagano08.html,35.822559,137.648074
長野県,信州新野千石平,第16回,H12.8,下伊那郡阿南町,https://www.cbr.mlit.go.jp/michinoeki/nagano/nagano09.html,35.257481,137.745387
長野県,花の里いいじま,第18回,H14.8,上伊那郡飯島町,https://www.cbr.mlit.go.jp/michinoeki/nagano/nagano10.html,35.662005,137.910046
長野県,遠山郷,第21回,H17.8,飯田市,https://www.cbr.mlit.go.jp/michinoeki/nagano/nagano11.html,35.321346,137.930944
長野県,木曽福島,第34回,H22.8,木曽郡木曽町,https://www.cbr.mlit.go.jp/michinoeki/nagano/nagano12.html,35.817661,137.682277
長野県,木曽川源流の里　きそむら,第34回,H22.8,木曽郡木祖村,https://www.cbr.mlit.go.jp/michinoeki/nagano/nagano13.html,35.930724,137.785829
長野県,田切の里,第45回,Ｈ28.4,上伊那郡飯島町,https://www.cbr.mlit.go.jp/michinoeki/nagano/nagano14.html,35.691023,137.939944
長野県,南信州とよおかマルシェ,第48回,Ｈ29.9,下伊那郡豊丘村,https://www.cbr.mlit.go.jp/michinoeki/nagano/nagano15.html,35.544442,137.891347
長野県,大芝高原,第49回,H30.4,上伊那郡南箕輪村,https://www.cbr.mlit.go.jp/michinoeki/nagano/nagano16.html,35.886668,137.94389
長野県,南信州　うるぎ,第49回,H30.4,下伊那郡売木村,https://www.cbr.mlit.go.jp/michinoeki/nagano/nagano17.html,35.273889,137.709445
長野県,歌舞伎の里大鹿,第49回,H30.4,下伊那郡大鹿村,https://www.cbr.mlit.go.jp/michinoeki/nagano/nagano18.html,35.565001,138.036947
長野県,八千穂高原,第60回,R6.2,南佐久郡佐久穂町,,,
岐阜県,美並,第1回,H5.4,郡上市,https://www.cbr.mlit.go.jp/michinoeki/gifu/gifu01.html,35.609205,136.943142
岐阜県,パスカル清見,第1回,H5.4,高山市,https://www.cbr.mlit.go.jp/michinoeki/gifu/gifu02.html,35.940625,137.082695
岐阜県,明宝,第1回,H5.4,郡上市,https://www.cbr.mlit.go.jp/michinoeki/gifu/gifu03.html,35.844793,137.02843
岐阜県,花街道付知,第1回,H5.4,中津川市,https://www.cbr.mlit.go.jp/michinoeki/gifu/gifu04.html,35.642685,137.441553
岐阜県,美濃白川,第1回,H5.4,加茂郡白川町,https://www.cbr.mlit.go.jp/michinoeki/gifu/gifu05.html,35.604009,137.173861
岐阜県,ラステンほらど,第4回,H6.3,関市,https://www.cbr.mlit.go.jp/michinoeki/gifu/gifu06.html,35.596361,136.7983
岐阜県,白山文化の里長滝,第4回,H6.3,郡上市,https://www.cbr.mlit.go.jp/michinoeki/gifu/gifu07.html,,
岐阜県,奥飛騨温泉郷上宝,第5回,H6.4,高山市,https://www.cbr.mlit.go.jp/michinoeki/gifu/gifu08.html,36.249002,137.499654
岐阜県,賤母,第6回,H6.8,中津川市,https://www.cbr.mlit.go.jp/michinoeki/gifu/gifu09.html,35.586112,137.550439
岐阜県,ロック・ガーデン　ひちそう,第8回,H7.4,加茂郡七宗町,https://www.cbr.mlit.go.jp/michinoeki/gifu/gifu10.html,35.533911,137.11445
岐阜県,星のふる里　ふじはし,第8回,H7.4,揖斐郡揖斐川町,https://www.cbr.mlit.go.jp/michinoeki/gifu/gifu11.html,35.577413,136.462913
岐阜県,白川郷,第8回,H7.4,大野郡白川村,https://www.cbr.mlit.go.jp/michinoeki/gifu/gifu12.html,36.278927,136.901539
岐阜県,平成,第10回,H8.4,関市,https://www.cbr.mlit.go.jp/michinoeki/gifu/gifu13.html,35.552245,136.997292
岐阜県,アルプ飛騨古川,第10回,H8.4,飛騨市,https://www.cbr.mlit.go.jp/michinoeki/gifu/gifu14.html,36.220446,137.192351
岐阜県,飛騨金山ぬく森の里温泉,第12回,H9.4,下呂市,https://www.cbr.mlit.go.jp/michinoeki/gifu/gifu15.html,35.668911,137.147179
岐阜県,上矢作ラ・フォーレ福寿の里,第12回,H9.4,恵那市,https://www.cbr.mlit.go.jp/michinoeki/gifu/gifu16.html,35.323636,137.471578
岐阜県,モンデウス飛騨位山,第12回,H9.4,高山市,https://www.cbr.mlit.go.jp/michinoeki/gifu/gifu17.html,36.061868,137.225696
岐阜県,南飛騨小坂,第13回,H9.10,下呂市,https://www.cbr.mlit.go.jp/michinoeki/gifu/gifu18.html,35.931458,137.294345
岐阜県,夢さんさん谷汲,第14回,H10.4,揖斐郡揖斐川町,https://www.cbr.mlit.go.jp/michinoeki/gifu/gifu19.html,35.531481,136.585564
岐阜県,土岐美濃焼街道,第14回,H10.4,土岐市,https://www.cbr.mlit.go.jp/michinoeki/gifu/gifu20.html,35.336059,137.22319
岐阜県,富有柿の里いとぬき,第15回,H11.8,本巣市,https://www.cbr.mlit.go.jp/michinoeki/gifu/gifu21.html,35.472554,136.676047
岐阜県,ななもり清見,第15回,H11.8,高山市,https://www.cbr.mlit.go.jp/michinoeki/gifu/gifu22.html,36.133976,137.16621
岐阜県,きりら坂下,第15回,H11.8,中津川市,https://www.cbr.mlit.go.jp/michinoeki/gifu/gifu23.html,35.57043,137.534574
岐阜県,クレール平田,第15回,H11.8,海津市,https://www.cbr.mlit.go.jp/michinoeki/gifu/gifu24.html,35.274715,136.671057
岐阜県,馬瀬　美輝の里,第15回,H11.8,下呂市,https://www.cbr.mlit.go.jp/michinoeki/gifu/gifu25.html,35.819913,137.187413
岐阜県,飛騨街道　なぎさ,第16回,H12.8,高山市,https://www.cbr.mlit.go.jp/michinoeki/gifu/gifu26.html,36.006871,137.291661
岐阜県,ひだ朝日村,第16回,H12.8,高山市,https://www.cbr.mlit.go.jp/michinoeki/gifu/gifu27.html,36.087964,137.350572
岐阜県,そばの郷　らっせぃみさと,第16回,H12.8,恵那市,https://www.cbr.mlit.go.jp/michinoeki/gifu/gifu28.html,35.405708,137.358747
岐阜県,織部の里・もとす,第16回,H12.8,本巣市,https://www.cbr.mlit.go.jp/michinoeki/gifu/gifu29.html,35.500115,136.667187
岐阜県,飛騨たかね工房,第17回,H13.8,高山市,https://www.cbr.mlit.go.jp/michinoeki/gifu/gifu30.html,36.046476,137.440741
岐阜県,大日岳,第17回,H13.8,郡上市,https://www.cbr.mlit.go.jp/michinoeki/gifu/gifu31.html,35.987643,136.891074
岐阜県,桜の郷　荘川,第17回,H13.8,高山市,https://www.cbr.mlit.go.jp/michinoeki/gifu/gifu32.html,36.021213,136.965612
岐阜県,むげ川,第17回,H13.8,関市,https://www.cbr.mlit.go.jp/michinoeki/gifu/gifu33.html,35.515183,136.854122
岐阜県,古今伝授の里やまと,第17回,H13.8,郡上市,https://www.cbr.mlit.go.jp/michinoeki/gifu/gifu34.html,35.816091,136.901735
岐阜県,みのかも,第18回,H14.8,美濃加茂市,https://www.cbr.mlit.go.jp/michinoeki/gifu/gifu35.html,,
岐阜県,茶の里東白川,第18回,H14.8,加茂郡東白川村,https://www.cbr.mlit.go.jp/michinoeki/gifu/gifu36.html,35.667783,137.352421
岐阜県,和良,第18回,H14.8,郡上市,https://www.cbr.mlit.go.jp/michinoeki/gifu/gifu37.html,35.742508,137.067787
岐阜県,うすずみ桜の里・ねお,第18回,H14.8,本巣市,https://www.cbr.mlit.go.jp/michinoeki/gifu/gifu38.html,35.660163,136.589241
岐阜県,志野・織部,第19回,H15.8,土岐市,https://www.cbr.mlit.go.jp/michinoeki/gifu/gifu39.html,35.394143,137.188131
岐阜県,加子母,第19回,H15.8,中津川市,https://www.cbr.mlit.go.jp/michinoeki/gifu/gifu40.html,35.708782,137.374753
岐阜県,夜叉ヶ池の里さかうち,第19回,H15.8,揖斐郡揖斐川町,https://www.cbr.mlit.go.jp/michinoeki/gifu/gifu41.html,35.602032,136.413732
岐阜県,おばあちゃん市・山岡,第19回,H15.8,恵那市,https://www.cbr.mlit.go.jp/michinoeki/gifu/gifu42.html,35.328255,137.306444
岐阜県,月見の里　南濃,第20回,H16.8,海津市,https://www.cbr.mlit.go.jp/michinoeki/gifu/gifu44.html,35.215087,136.600691
岐阜県,柳津,第20回,H16.8,岐阜市,https://www.cbr.mlit.go.jp/michinoeki/gifu/gifu45.html,35.370094,136.731357
岐阜県,五木のやかた・かわうえ,第21回,H17.8,中津川市,https://www.cbr.mlit.go.jp/michinoeki/gifu/gifu46.html,35.602352,137.501864
岐阜県,宙ドーム・神岡,第21回,H17.8,飛騨市,https://www.cbr.mlit.go.jp/michinoeki/gifu/gifu47.html,36.329017,137.307189
岐阜県,白尾ふれあいパーク,第21回,H17.8,郡上市,https://www.cbr.mlit.go.jp/michinoeki/gifu/gifu48.html,35.889671,136.891924
岐阜県,美濃にわか茶屋,第24回,H19.8,美濃市,https://www.cbr.mlit.go.jp/michinoeki/gifu/gifu49.html,35.554599,136.913733
岐阜県,飛騨白山,第26回,H20.4,大野郡白川村,https://www.cbr.mlit.go.jp/michinoeki/gifu/gifu50.html,36.17388,136.901648
岐阜県,半布里の郷　とみか,第32回,H21.7,加茂郡富加町,https://www.cbr.mlit.go.jp/michinoeki/gifu/gifu51.html,35.47432,136.980146
岐阜県,可児ッテ「ＣＡＮＩＴＴＥ」,第34回,H22.8,可児市,https://www.cbr.mlit.go.jp/michinoeki/gifu/gifu52.html,35.430055,137.101163
岐阜県,池田温泉,第35回,H23.3,揖斐郡池田町,https://www.cbr.mlit.go.jp/michinoeki/gifu/gifu53.html,35.419442,136.559814
岐阜県,清流白川　クオーレの里,第38回,H24.9,加茂郡白川町,https://www.cbr.mlit.go.jp/michinoeki/gifu/gifu54.html,35.595447,137.218983
岐阜県,清流の里しろとり,第45回,Ｈ28.4,郡上市,https://www.cbr.mlit.go.jp/michinoeki/gifu/gifu55.html,35.881564,136.854767
岐阜県,パレットピアおおの,第47回,H29.4,揖斐郡大野町,https://www.cbr.mlit.go.jp/michinoeki/gifu/gifu56.html,35.431918,136.628084
静岡県,富士,第1回,H5.4,富士市,https://www.cbr.mlit.go.jp/michinoeki/shizuoka/shizuoka01.html,35.13341,138.647042
静岡県,くんま水車の里,第8回,H7.4,浜松市,https://www.cbr.mlit.go.jp/michinoeki/shizuoka/shizuoka02.html,34.960824,137.733228
静岡県,花の三聖苑伊豆松崎,第9回,H7.8,賀茂郡松崎町,https://www.cbr.mlit.go.jp/michinoeki/shizuoka/shizuoka03.html,34.757783,138.825399
静岡県,宇津ノ谷峠,第14回,H10.4,静岡市・藤枝市,"静岡側 ： https://www.cbr.mlit.go.jp/michinoeki/shizuoka/shizuoka04_1.html
藤枝側 ： https://www.cbr.mlit.go.jp/michinoeki/shizuoka/shizuoka04_2.html",34.92545,138.300822
静岡県,いっぷく処横川,第14回,H10.4,浜松市,https://www.cbr.mlit.go.jp/michinoeki/shizuoka/shizuoka05.html,34.905492,137.872054
静岡県,フォーレなかかわね茶茗舘,第14回,H10.4,榛原郡川根本町,https://www.cbr.mlit.go.jp/michinoeki/shizuoka/shizuoka06.html,35.070447,138.107828
静岡県,天城越え,第14回,H10.4,伊豆市,https://www.cbr.mlit.go.jp/michinoeki/shizuoka/shizuoka07.html,34.855828,138.921935
静岡県,奥大井音戯の郷,第14回,H10.4,榛原郡川根本町,https://www.cbr.mlit.go.jp/michinoeki/shizuoka/shizuoka08.html,35.108421,138.136842
静岡県,朝霧高原,第15回,H11.8,富士宮市,https://www.cbr.mlit.go.jp/michinoeki/shizuoka/shizuoka09.html,35.413319,138.591292
静岡県,川根温泉,第15回,H11.8,島田市,https://www.cbr.mlit.go.jp/michinoeki/shizuoka/shizuoka10.html,34.959886,138.089691
静岡県,富士川楽座,第15回,H11.8,富士市,https://www.cbr.mlit.go.jp/michinoeki/shizuoka/shizuoka11.html,35.161828,138.618619
静岡県,玉露の里,第15回,H11.8,藤枝市,https://www.cbr.mlit.go.jp/michinoeki/shizuoka/shizuoka12.html,34.950728,138.251558
静岡県,天竜相津　花桃の里,第16回,H12.8,浜松市,https://www.cbr.mlit.go.jp/michinoeki/shizuoka/shizuoka13.html,34.911788,137.815006
静岡県,伊東マリンタウン,第18回,H14.8,伊東市,https://www.cbr.mlit.go.jp/michinoeki/shizuoka/shizuoka14.html,34.984643,139.094386
静岡県,開国下田みなと,第19回,H15.8,下田市,https://www.cbr.mlit.go.jp/michinoeki/shizuoka/shizuoka15.html,34.67482,138.950877
静岡県,掛川,第20回,H16.8,掛川市,https://www.cbr.mlit.go.jp/michinoeki/shizuoka/shizuoka16.html,34.794201,138.076064
静岡県,ふじおやま,第20回,H16.8,駿東郡小山町,https://www.cbr.mlit.go.jp/michinoeki/shizuoka/shizuoka17.html,35.344451,138.950084
静岡県,潮見坂,第21回,H17.8,湖西市,https://www.cbr.mlit.go.jp/michinoeki/shizuoka/shizuoka18.html,34.677282,137.499227
静岡県,伊豆のへそ,第21回,H17.8,伊豆の国市,https://www.cbr.mlit.go.jp/michinoeki/shizuoka/shizuoka19.html,35.011785,138.941065
静岡県,下賀茂温泉　湯の花,第32回,H21.7,賀茂郡南伊豆町,https://www.cbr.mlit.go.jp/michinoeki/shizuoka/shizuoka20.html,34.64971,138.86658
静岡県,すばしり,第34回,H22.8,駿東郡小山町,https://www.cbr.mlit.go.jp/michinoeki/shizuoka/shizuoka21.html,35.362702,138.858767
静岡県,風のマルシェ　御前崎,第40回,H25.10,御前崎市,https://www.cbr.mlit.go.jp/michinoeki/shizuoka/shizuoka22.html,34.640677,138.110751
静岡県,くるら戸田,第42回,H26.10,沼津市,https://www.cbr.mlit.go.jp/michinoeki/shizuoka/shizuoka23.html,34.9713,138.7868
静岡県,伊豆ゲートウェイ函南,第46回,Ｈ28.10,田方郡函南町,https://www.cbr.mlit.go.jp/michinoeki/shizuoka/shizuoka24.html,35.075604,138.926014
静岡県,伊豆月ケ瀬,第51回,R1.6,伊豆市,https://www.cbr.mlit.go.jp/michinoeki/shizuoka/shizuoka25.html,,
静岡県,そらっと牧之原,第62回,R7.1,牧之原,,,
静岡県,ゆとりえせとや,第64回,R7.12,藤枝市,,,
愛知県,豊根グリーンポート宮嶋,第1回,H5.4,北設楽郡豊根村,https://www.cbr.mlit.go.jp/michinoeki/aichi/aichi01.html,35.179164,137.682677
愛知県,鳳来三河三石,第1回,H5.4,新城市,https://www.cbr.mlit.go.jp/michinoeki/aichi/aichi02.html,34.902591,137.613393
愛知県,田原めっくんはうす,第1回,H5.4,田原市,https://www.cbr.mlit.go.jp/michinoeki/aichi/aichi03.html,34.661362,137.272428
愛知県,伊良湖クリスタルポルト,第6回,H6.8,田原市,https://www.cbr.mlit.go.jp/michinoeki/aichi/aichi04.html,34.583626,137.020198
愛知県,つぐ高原グリーンパーク,第6回,H6.8,北設楽郡設楽町,https://www.cbr.mlit.go.jp/michinoeki/aichi/aichi05.html,35.197553,137.609167
愛知県,どんぐりの里　いなぶ,第14回,H10.4,豊田市,https://www.cbr.mlit.go.jp/michinoeki/aichi/aichi06.html,35.213905,137.503069
愛知県,アグリステーションなぐら,第15回,H11.8,北設楽郡設楽町,https://www.cbr.mlit.go.jp/michinoeki/aichi/aichi07.html,35.172967,137.534721
愛知県,デンパーク安城,第16回,H12.8,安城市,https://www.cbr.mlit.go.jp/michinoeki/aichi/aichi08.html,34.930514,137.058186
愛知県,つくで手作り村,第17回,H13.8,新城市,https://www.cbr.mlit.go.jp/michinoeki/aichi/aichi09.html,34.963197,137.420692
愛知県,ふれあいの里HASUパーク,第21回,H17.8,愛西市,https://www.cbr.mlit.go.jp/michinoeki/aichi/aichi10.html,,
愛知県,あかばねロコステーション,第30回,H21.3,田原市,https://www.cbr.mlit.go.jp/michinoeki/aichi/aichi11.html,34.607778,137.189381
愛知県,筆柿の里・幸田,第30回,H21.3,額田郡幸田町,https://www.cbr.mlit.go.jp/michinoeki/aichi/aichi12.html,34.848524,137.138304
愛知県,にしお岡ノ山,第32回,H21.7,西尾市,https://www.cbr.mlit.go.jp/michinoeki/aichi/aichi13.html,34.876796,137.083111
愛知県,瀬戸しなの,第34回,H22.8,瀬戸市,https://www.cbr.mlit.go.jp/michinoeki/aichi/aichi14.html,35.242348,137.115082
愛知県,藤川宿,第38回,H24.9,岡崎市,https://www.cbr.mlit.go.jp/michinoeki/aichi/aichi15.html,34.914248,137.216854
愛知県,もっくる新城,第42回,H26.10,新城市,https://www.cbr.mlit.go.jp/michinoeki/aichi/aichi16.html,34.91757,137.5337
愛知県,とよはし,第50回,H31.3,豊橋市,https://www.cbr.mlit.go.jp/michinoeki/aichi/aichi17.html,,
愛知県,したら,第53回,R2.7,北設楽郡設楽町,https://www.cbr.mlit.go.jp/michinoeki/aichi/aichi18.html,,
愛知県,マチテラス日進,第61回,R6.8,日進市,,,
三重県,飯高駅,第1回,H5.4,松阪市,https://www.cbr.mlit.go.jp/michinoeki/mie/mie01.html,34.427567,136.331951
三重県,菰野,第1回,H5.4,三重郡菰野町,https://www.cbr.mlit.go.jp/michinoeki/mie/mie02.html,35.013663,136.503055
三重県,紀宝町ウミガメ公園,第1回,H5.4,南牟婁郡紀宝町,https://www.cbr.mlit.go.jp/michinoeki/mie/mie03.html,33.769819,136.028434
三重県,パーク七里御浜,第5回,H6.4,南牟婁郡御浜町,https://www.cbr.mlit.go.jp/michinoeki/mie/mie04.html,33.803565,136.043105
三重県,海山,第11回,H8.8,北牟婁郡紀北町,https://www.cbr.mlit.go.jp/michinoeki/mie/mie05.html,34.102363,136.214084
三重県,奥伊勢木つつ木館,第12回,H9.4,度会郡大紀町,https://www.cbr.mlit.go.jp/michinoeki/mie/mie06.html,34.367591,136.418877
三重県,熊野きのくに,第13回,H9.10,熊野市,https://www.cbr.mlit.go.jp/michinoeki/mie/mie07.html,33.959915,136.104254
三重県,茶倉駅,第14回,H10.4,松阪市,https://www.cbr.mlit.go.jp/michinoeki/mie/mie08.html,34.460376,136.398213
三重県,奥伊勢おおだい,第15回,H11.8,多気郡大台町,https://www.cbr.mlit.go.jp/michinoeki/mie/mie09.html,34.393871,136.408597
三重県,美杉,第15回,H11.8,津市,https://www.cbr.mlit.go.jp/michinoeki/mie/mie10.html,34.511676,136.306807
三重県,関宿,第16回,H12.8,亀山市,https://www.cbr.mlit.go.jp/michinoeki/mie/mie11.html,34.849508,136.3927
三重県,伊勢志摩,第16回,H12.8,志摩市,https://www.cbr.mlit.go.jp/michinoeki/mie/mie12.html,34.359461,136.798913
三重県,紀伊長島マンボウ,第17回,H13.8,北牟婁郡紀北町,https://www.cbr.mlit.go.jp/michinoeki/mie/mie13.html,34.217244,136.346659
三重県,あやま,第18回,H14.8,伊賀市,https://www.cbr.mlit.go.jp/michinoeki/mie/mie14.html,34.844567,136.170996
三重県,いが,第21回,H17.8,伊賀市,https://www.cbr.mlit.go.jp/michinoeki/mie/mie15.html,34.837136,136.253402
三重県,津かわげ,第44回,Ｈ27.11,津市,https://www.cbr.mlit.go.jp/michinoeki/mie/mie16.html,34.796707,136.517991
三重県,熊野・花の窟,第45回,Ｈ28.4,熊野市,https://www.cbr.mlit.go.jp/michinoeki/mie/mie17.html,33.878939,136.092541
三重県,熊野・板屋九郎兵衛の里,第48回,Ｈ29.9,熊野市,https://www.cbr.mlit.go.jp/michinoeki/mie/mie18.html,33.876518,135.915236
滋賀県,あいの土山,第1回,H5.4,甲賀市,https://www.kkr.mlit.go.jp/road/michi_no_eki/contents/shiga/ainotsuchiyama.html,34.92779,136.295675
滋賀県,くつき新本陣,第1回,H5.4,高島市,https://www.kkr.mlit.go.jp/road/michi_no_eki/contents/shiga/kutsukishinhonjin.html,35.351089,135.915648
滋賀県,しんあさひ風車村,第1回,H5.4,高島市,https://www.kkr.mlit.go.jp/road/michi_no_eki/contents/shiga/shinasahi.html,35.35045,136.067033
滋賀県,東近江市あいとうマーガレットステーション,第10回,H8.4,東近江市,https://www.kkr.mlit.go.jp/road/michi_no_eki/contents/shiga/margueritestation.html,35.109719,136.258767
滋賀県,びわ湖大橋米プラザ,第11回,H8.8,大津市,https://www.kkr.mlit.go.jp/road/michi_no_eki/contents/shiga/biwakoohishikomeplaza.html,35.124628,135.928183
滋賀県,近江母の郷,第11回,H8.8,米原市,https://www.kkr.mlit.go.jp/road/michi_no_eki/contents/shiga/omihahanosato.html,35.343272,136.27773
滋賀県,こんぜの里りっとう,第11回,H8.8,栗東市,https://www.kkr.mlit.go.jp/road/michi_no_eki/contents/shiga/konzenosatorittou.html,34.968382,136.03912
滋賀県,湖北みずどりステーション,第18回,H14.8,長浜市,https://www.kkr.mlit.go.jp/road/michi_no_eki/contents/shiga/kohokumizudoristation.html,35.445013,136.190765
滋賀県,草津,第18回,H14.8,草津市,https://www.kkr.mlit.go.jp/road/michi_no_eki/contents/shiga/kusatsu.html,35.070032,135.939251
滋賀県,竜王かがみの里,第19回,H15.8,蒲生郡竜王町,https://www.kkr.mlit.go.jp/road/michi_no_eki/contents/shiga/ryuoukagaminosato.html,35.085777,136.079297
滋賀県,アグリの郷栗東,第19回,H15.8,栗東市,https://www.kkr.mlit.go.jp/road/michi_no_eki/contents/shiga/agurinosatorittou.html,35.038734,136.001537
滋賀県,マキノ追坂峠,第20回,H16.8,高島市,https://www.kkr.mlit.go.jp/road/michi_no_eki/contents/shiga/makinoossakatouge.html,35.481102,136.083039
滋賀県,藤樹の里あどがわ,第21回,H17.8,高島市,https://www.kkr.mlit.go.jp/road/michi_no_eki/contents/shiga/adogawa.html,35.326199,136.030009
滋賀県,伊吹の里,第21回,H17.8,米原市,https://www.kkr.mlit.go.jp/road/michi_no_eki/contents/shiga/ibukinosato.html,35.396841,136.370985
滋賀県,塩津海道あぢかまの里,第32回,H21.7,長浜市,https://www.kkr.mlit.go.jp/road/michi_no_eki/contents/shiga/adikama.html,35.520593,136.162805
滋賀県,せせらぎの里こうら,第37回,H24.3,犬上郡甲良町,https://www.kkr.mlit.go.jp/road/michi_no_eki/contents/shiga/seseraginosato.html,35.201844,136.275557
滋賀県,妹子の郷,第41回,H26.4,大津市,https://www.kkr.mlit.go.jp/road/michi_no_eki/contents/shiga/imokonosato.html,35.159802,135.90155
滋賀県,奥永源寺 渓流の里,第42回,H26.10,東近江市,https://www.kkr.mlit.go.jp/road/michi_no_eki/contents/shiga/okueigenji.html,35.105711,136.371792
滋賀県,アグリパーク竜王,第43回,H27.4,蒲生郡竜王町,https://www.kkr.mlit.go.jp/road/michi_no_eki/contents/shiga/aguriparkryuou.html,35.043655,136.145266
滋賀県,浅井三姉妹の郷,第44回,Ｈ27.11,長浜市,https://www.kkr.mlit.go.jp/road/michi_no_eki/contents/shiga/azaisansimai.html,35.430051,136.305429
京都府,舟屋の里伊根,第1回,H5.4,与謝郡伊根町,https://www.kkr.mlit.go.jp/road/michi_no_eki/contents/kyoto/funayanosatoine.html,35.674635,135.291088
京都府,シルクのまち　かや,第6回,H6.8,与謝郡与謝野町,https://www.kkr.mlit.go.jp/road/michi_no_eki/contents/kyoto/silknomachikaya.html,35.481558,135.093626
京都府,てんきてんき丹後,第10回,H8.4,京丹後市,https://www.kkr.mlit.go.jp/road/michi_no_eki/contents/kyoto/tenkitenkitango.html,35.739004,135.105239
京都府,和,第13回,H9.10,船井郡京丹波町,https://www.kkr.mlit.go.jp/road/michi_no_eki/contents/kyoto/nagomi.html,35.270249,135.397559
京都府,ガレリアかめおか,第14回,H10.4,亀岡市,https://www.kkr.mlit.go.jp/road/michi_no_eki/contents/kyoto/gareriakameoka.html,35.014544,135.566682
京都府,丹波マーケス,第14回,H10.4,船井郡京丹波町,https://www.kkr.mlit.go.jp/road/michi_no_eki/contents/kyoto/tanbamakesu.html,35.154813,135.428705
京都府,瑞穂の里・さらびき,第14回,H10.4,船井郡京丹波町,https://www.kkr.mlit.go.jp/road/michi_no_eki/contents/kyoto/mizuhonosatosarabiki.html,35.1673,135.361385
京都府,農匠の郷やくの,第18回,H14.8,福知山市,https://www.kkr.mlit.go.jp/road/michi_no_eki/contents/kyoto/yakuno.html,35.33837,134.929796
京都府,舞鶴港とれとれセンター,第18回,H14.8,舞鶴市,https://www.kkr.mlit.go.jp/road/michi_no_eki/contents/kyoto/toretorecenter.html,35.450349,135.314507
京都府,京都新光悦村,第18回,H14.8,南丹市,https://www.kkr.mlit.go.jp/road/michi_no_eki/contents/kyoto/shinkoetsu.html,35.123886,135.482213
京都府,丹後王国「食のみやこ」,第19回,H15.8,京丹後市,https://www.kkr.mlit.go.jp/road/michi_no_eki/contents/kyoto/tangooukoku.html,35.674655,135.068103
京都府,美山ふれあい広場,第21回,H17.8,南丹市,https://www.kkr.mlit.go.jp/road/michi_no_eki/contents/kyoto/miyamafureaihiroba.html,35.277121,135.588035
京都府,ウッディー京北,第33回,H22.3,京都市,https://www.kkr.mlit.go.jp/road/michi_no_eki/contents/kyoto/woodykeihoku.html,35.155835,135.633108
京都府,くみはまSANKAIKAN,第35回,H23.3,京丹後市,https://www.kkr.mlit.go.jp/road/michi_no_eki/contents/kyoto/kumihamasankaikan.html,35.630467,134.931947
京都府,スプリングスひよし,第36回,H23.8,南丹市,https://www.kkr.mlit.go.jp/road/michi_no_eki/contents/kyoto/springshiyoshi.html,35.152424,135.51781
京都府,京丹波　味夢の里,第41回,H26.4,船井郡京丹波町,https://www.kkr.mlit.go.jp/road/michi_no_eki/contents/kyoto/kyotambaajimnosato.html,35.149554,135.426755
京都府,海の京都　宮津,第44回,Ｈ27.11,宮津市,https://www.kkr.mlit.go.jp/road/michi_no_eki/contents/kyoto/uminokyoutomiyazu.html,35.538336,135.193979
京都府,お茶の京都　みなみやましろ村,第46回,Ｈ28.10,相楽郡南山城村,https://www.kkr.mlit.go.jp/road/michi_no_eki/contents/kyoto/ocyanokyotominamiyamashiromura.html,34.765472,136.024007
大阪府,ちはやあかさか,第1回,H5.4,南河内郡千早赤阪村,https://www.kkr.mlit.go.jp/road/michi_no_eki/contents/osaka/chihayaakasaka.html,34.464276,135.625936
大阪府,近つ飛鳥の里太子,第11回,H8.8,南河内郡太子町,https://www.kkr.mlit.go.jp/road/michi_no_eki/contents/osaka/chikatuasukanosatotaishi.html,34.516787,135.658405
大阪府,能勢（くりの郷）,第16回,H12.8,豊能郡能勢町,https://www.kkr.mlit.go.jp/road/michi_no_eki/contents/osaka/nose.html,34.956657,135.400992
大阪府,かなん,第19回,H15.8,南河内郡河南町,https://www.kkr.mlit.go.jp/road/michi_no_eki/contents/osaka/kanan.html,34.478438,135.617062
大阪府,しらとりの郷・羽曳野,第22回,H18.8,羽曳野市,https://www.kkr.mlit.go.jp/road/michi_no_eki/contents/osaka/shiratori_habikino.html,34.533043,135.587747
大阪府,いずみ山愛の里,第27回,H20.5,和泉市,https://www.kkr.mlit.go.jp/road/michi_no_eki/contents/osaka/izumiyamaai.html,34.423154,135.483
大阪府,とっとパーク小島,第30回,H21.3,泉南郡岬町,https://www.kkr.mlit.go.jp/road/michi_no_eki/contents/osaka/tottopark.html,34.31511,135.099919
大阪府,愛彩ランド,第35回,H23.3,岸和田市,https://www.kkr.mlit.go.jp/road/michi_no_eki/contents/osaka/aisai_land.html,34.422556,135.42543
大阪府,みさき,第46回,Ｈ28.10,泉南郡岬町,https://www.kkr.mlit.go.jp/road/michi_no_eki/contents/osaka/misaki.html,34.325936,135.17379
大阪府,奥河内くろまろの郷,第47回,H29.4,河内長野市,https://www.kkr.mlit.go.jp/road/michi_no_eki/contents/osaka/kuromaronosato.html,34.435966,135.551096
兵庫県,はが,第1回,H5.4,宍粟市,https://www.kkr.mlit.go.jp/road/michi_no_eki/contents/hyogo/haga.html,35.201623,134.522188
兵庫県,あさご,第1回,H5.4,朝来市,https://www.kkr.mlit.go.jp/road/michi_no_eki/contents/hyogo/asago.html,35.247009,134.803884
兵庫県,ちくさ,第1回,H5.4,宍粟市,https://www.kkr.mlit.go.jp/road/michi_no_eki/contents/hyogo/chikusa.html,35.107958,134.441875
兵庫県,神鍋高原,第1回,H5.4,豊岡市,https://www.kkr.mlit.go.jp/road/michi_no_eki/contents/hyogo/kannabe.html,35.499,134.675082
兵庫県,村岡ファームガーデン,第1回,H5.4,美方郡香美町,https://www.kkr.mlit.go.jp/road/michi_no_eki/contents/hyogo/muraokafarmgarden.html,35.461843,134.602902
兵庫県,やぶ,第4回,H6.3,養父市,https://www.kkr.mlit.go.jp/road/michi_no_eki/contents/hyogo/yabu.html,35.382421,134.815914
兵庫県,但馬楽座,第10回,H8.4,養父市,https://www.kkr.mlit.go.jp/road/michi_no_eki/contents/hyogo/tanbarakuza.html,35.379318,134.783912
兵庫県,みなみ波賀,第10回,H8.4,宍粟市,https://www.kkr.mlit.go.jp/road/michi_no_eki/contents/hyogo/minamihaga.html,35.148305,134.539822
兵庫県,しんぐう,第11回,H8.8,たつの市,https://www.kkr.mlit.go.jp/road/michi_no_eki/contents/hyogo/shinguu.html,34.922122,134.537084
兵庫県,杉原紙の里・多可,第11回,H8.8,多可郡多可町,https://www.kkr.mlit.go.jp/road/michi_no_eki/contents/hyogo/rutoyonniinanakami.html,35.18896,134.930123
兵庫県,あおがき,第12回,H9.4,丹波市,https://www.kkr.mlit.go.jp/road/michi_no_eki/contents/hyogo/aogaki.html,35.241267,135.009844
兵庫県,ハチ北,第13回,H9.10,美方郡香美町,https://www.kkr.mlit.go.jp/road/michi_no_eki/contents/hyogo/hachikita.html,35.411442,134.599809
兵庫県,あわじ,第13回,H9.10,淡路市,https://www.kkr.mlit.go.jp/road/michi_no_eki/contents/hyogo/awaji.html,34.601354,135.00942
兵庫県,みき,第14回,H10.4,三木市,https://www.kkr.mlit.go.jp/road/michi_no_eki/contents/hyogo/miki.html,34.787342,134.977205
兵庫県,うずしお,第14回,H10.4,南あわじ市,https://www.kkr.mlit.go.jp/road/michi_no_eki/contents/hyogo/uzushio.html,34.242027,134.65978
兵庫県,播磨いちのみや,第15回,H11.8,宍粟市,https://www.kkr.mlit.go.jp/road/michi_no_eki/contents/hyogo/harimaichinomiya.html,35.088518,134.588208
兵庫県,フレッシュあさご,第15回,H11.8,朝来市,https://www.kkr.mlit.go.jp/road/michi_no_eki/contents/hyogo/freshasago.html,35.21267,134.794552
兵庫県,宿場町ひらふく,第15回,H11.8,佐用郡佐用町,https://www.kkr.mlit.go.jp/road/michi_no_eki/contents/hyogo/syukubamatihirafuku.html,35.044789,134.369443
兵庫県,あゆの里　矢田川,第15回,H11.8,美方郡香美町,https://www.kkr.mlit.go.jp/road/michi_no_eki/contents/hyogo/ayunosatoyatagawa.html,35.556569,134.570677
兵庫県,とうじょう,第15回,H11.8,加東市,https://www.kkr.mlit.go.jp/road/michi_no_eki/contents/hyogo/toujyou.html,34.894079,135.075646
兵庫県,いながわ,第16回,H12.8,川辺郡猪名川町,https://www.kkr.mlit.go.jp/road/michi_no_eki/contents/hyogo/inagawa.html,34.919343,135.351759
兵庫県,東浦ターミナルパーク,第17回,H13.8,淡路市,https://www.kkr.mlit.go.jp/road/michi_no_eki/contents/hyogo/higashiuratatarminalpark.html,34.537447,134.992378
兵庫県,北はりまエコミュージアム,第17回,H13.8,西脇市,https://www.kkr.mlit.go.jp/road/michi_no_eki/contents/hyogo/kitaharimaecomum.html,35.007794,134.987129
兵庫県,あいおい白龍城,第17回,H13.8,相生市,https://www.kkr.mlit.go.jp/road/michi_no_eki/contents/hyogo/aioipeperonjyou.html,34.804286,134.461841
兵庫県,淡河,第18回,H14.8,神戸市,https://www.kkr.mlit.go.jp/road/michi_no_eki/contents/hyogo/ogo.html,34.813904,135.097418
兵庫県,丹波おばあちゃんの里,第21回,H17.8,丹波市,https://www.kkr.mlit.go.jp/road/michi_no_eki/contents/hyogo/tanbaobaachan.html,35.166391,135.116725
兵庫県,但馬のまほろば,第21回,H17.8,朝来市,https://www.kkr.mlit.go.jp/road/michi_no_eki/contents/hyogo/tajimanomahoroba.html,35.311303,134.870108
兵庫県,ようか但馬蔵,第22回,H18.8,養父市,https://www.kkr.mlit.go.jp/road/michi_no_eki/contents/hyogo/youkatajimanokura.html,35.393994,134.742487
兵庫県,みつ,第32回,H21.7,たつの市,https://www.kkr.mlit.go.jp/road/michi_no_eki/contents/hyogo/mitsu.html,34.779899,134.523245
兵庫県,あまるべ,第37回,H24.3,美方郡香美町,https://www.kkr.mlit.go.jp/road/michi_no_eki/contents/hyogo/amarube.html,35.649119,134.56012
兵庫県,福良,第39回,H25.3,南あわじ市,https://www.kkr.mlit.go.jp/road/michi_no_eki/contents/hyogo/fukura.html,34.25564,134.719256
兵庫県,山田錦発祥のまち・多可,第44回,Ｈ27.11,多可郡多可町,https://www.kkr.mlit.go.jp/road/michi_no_eki/contents/hyogo/Yamada-nishik-taka.html,35.059012,134.918762
兵庫県,神戸フルーツ・フラワーパーク大沢,第45回,Ｈ28.4,神戸市,https://www.kkr.mlit.go.jp/road/michi_no_eki/contents/hyogo/kobefruitflowerparkozo.html,34.850249,135.190522
兵庫県,山陰海岸ジオパーク浜坂の郷,第46回,Ｈ28.10,美方郡新温泉町,https://www.kkr.mlit.go.jp/road/michi_no_eki/contents/hyogo/saninkaiganjioparkhamasakanosato.html,35.610649,134.469807
兵庫県,銀の馬車道・神河,第47回,H29.4,神崎郡神河町,https://www.kkr.mlit.go.jp/road/michi_no_eki/contents/hyogo/ginnobasyamichi.html,35.091049,134.77821
兵庫県,よかわ,第61回,R6.8,三木市,,,
奈良県,吉野路　大塔,第1回,H5.4,五條市,https://www.kkr.mlit.go.jp/road/michi_no_eki/contents/nara/yoshinojiootou.html,34.214249,135.732903
奈良県,吉野路　上北山,第1回,H5.4,吉野郡上北山村,https://www.kkr.mlit.go.jp/road/michi_no_eki/contents/nara/yoshinojikamikitayama.html,34.139756,136.000117
奈良県,杉の湯　川上,第1回,H5.4,吉野郡川上村,https://www.kkr.mlit.go.jp/road/michi_no_eki/contents/nara/suginoyukawakami.html,34.337041,135.954886
奈良県,吉野路　黒滝,第1回,H5.4,吉野郡黒滝村,https://www.kkr.mlit.go.jp/road/michi_no_eki/contents/nara/yoshinojikurotaki.html,34.305987,135.822886
奈良県,ふたかみパーク當麻,第7回,H7.1,葛城市,https://www.kkr.mlit.go.jp/road/michi_no_eki/contents/nara/futakamiparktaima.html,34.526508,135.693276
奈良県,宇陀路大宇陀,第12回,H9.4,宇陀市,https://www.kkr.mlit.go.jp/road/michi_no_eki/contents/nara/udajioouda.html,34.476073,135.932188
奈良県,十津川郷,第12回,H9.4,吉野郡十津川村,https://www.kkr.mlit.go.jp/road/michi_no_eki/contents/nara/totukawagou.html,33.988284,135.793168
奈良県,宇陀路室生,第13回,H9.10,宇陀市,https://www.kkr.mlit.go.jp/road/michi_no_eki/contents/nara/udajimurou.html,34.576544,136.034237
奈良県,針Ｔ・Ｒ・Ｓ,第14回,H10.4,奈良市,https://www.kkr.mlit.go.jp/road/michi_no_eki/contents/nara/hariteatimeresortstation.html,34.610429,135.963208
奈良県,大和路へぐり,第15回,H11.8,生駒郡平群町,https://www.kkr.mlit.go.jp/road/michi_no_eki/contents/nara/yamatojiheguri.html,34.623538,135.706248
奈良県,吉野路　大淀ｉセンター,第16回,H12.8,吉野郡大淀町,https://www.kkr.mlit.go.jp/road/michi_no_eki/contents/nara/yoshinojioyadoicenter.html,34.412209,135.796917
奈良県,伊勢本街道　御杖,第20回,H16.8,宇陀郡御杖村,https://www.kkr.mlit.go.jp/road/michi_no_eki/contents/nara/isehonkaidomitsue.html,34.515403,136.200081
奈良県,かつらぎ,第45回,Ｈ28.4,葛城市,https://www.kkr.mlit.go.jp/road/michi_no_eki/contents/nara/katsuragi.html,34.495401,135.704788
奈良県,レスティ唐古・鍵,第48回,Ｈ29.9,磯城郡田原本町,https://www.kkr.mlit.go.jp/road/michi_no_eki/contents/nara/karakokagi.html,34.571407,135.797418
奈良県,飛鳥,第49回,H30.4,高市郡明日香村,https://www.kkr.mlit.go.jp/road/michi_no_eki/contents/nara/asuka.html,34.464724,135.798611
奈良県,なら歴史芸術文化村,第55回,R3.6,天理市,https://www.kkr.mlit.go.jp/road/michi_no_eki/contents/nara/NaraPrefectureHistoricalandArtisticCultureComplex.html,,
奈良県,クロスウェイなかまち,第59回,R5.8,奈良県,,,
奈良県,きなりの郷下北山,第63回,R7.6,吉野郡下北山村,,,
和歌山県,しみず,第1回,H5.4,有田郡有田川町,https://www.kkr.mlit.go.jp/road/michi_no_eki/contents/wakayama/shimizu.html,34.088245,135.44327
和歌山県,San　Pin  中津,第1回,H5.4,日高郡日高川町,https://www.kkr.mlit.go.jp/road/michi_no_eki/contents/wakayama/sanpinnakatsu.html,33.950318,135.263337
和歌山県,ふるさとセンター大塔,第4回,H6.3,田辺市,https://www.kkr.mlit.go.jp/road/michi_no_eki/contents/wakayama/furusatocenterootou.html,33.742789,135.501854
和歌山県,龍神,第7回,H7.1,田辺市,https://www.kkr.mlit.go.jp/road/michi_no_eki/contents/wakayama/ryuujin.html,33.96546,135.564835
和歌山県,イノブータンランド・すさみ,第8回,H7.4,西牟婁郡すさみ町,https://www.kkr.mlit.go.jp/road/michi_no_eki/contents/wakayama/inobuutanlandsusami.html,33.519882,135.545723
和歌山県,志原海岸,第9回,H7.8,西牟婁郡白浜町,https://www.kkr.mlit.go.jp/road/michi_no_eki/contents/wakayama/shiharakaigan.html,33.570451,135.431421
和歌山県,熊野古道中辺路,第10回,H8.4,田辺市,https://www.kkr.mlit.go.jp/road/michi_no_eki/contents/wakayama/kumanokodonakahechi.html,33.81208,135.594971
和歌山県,しらまの里,第11回,H8.8,有田郡有田川町,https://www.kkr.mlit.go.jp/road/michi_no_eki/contents/wakayama/shiramanosato.html,34.015072,135.334465
和歌山県,みなべうめ振興館,第12回,H9.4,日高郡みなべ町,https://www.kkr.mlit.go.jp/road/michi_no_eki/contents/wakayama/minabeumesihnkoukan.html,33.790697,135.327078
和歌山県,紀州備長炭記念公園,第12回,H9.4,田辺市,https://www.kkr.mlit.go.jp/road/michi_no_eki/contents/wakayama/kisyubinchoutankinenkouen.html,33.803251,135.427282
和歌山県,瀞峡街道熊野川,第14回,H10.4,新宮市,https://www.kkr.mlit.go.jp/road/michi_no_eki/contents/wakayama/dorokyokaidoukumanogawa.html,33.791406,135.897097
和歌山県,紀の川万葉の里,第15回,H11.8,伊都郡かつらぎ町,https://www.kkr.mlit.go.jp/road/michi_no_eki/contents/wakayama/kinokawamanyounosato.html,34.28451,135.464531
和歌山県,奥熊野古道ほんぐう,第15回,H11.8,田辺市,https://www.kkr.mlit.go.jp/road/michi_no_eki/contents/wakayama/okukumanokodouhonguu.html,33.865241,135.761985
和歌山県,おくとろ,第15回,H11.8,東牟婁郡北山村,https://www.kkr.mlit.go.jp/road/michi_no_eki/contents/wakayama/okutoro.html,33.939828,135.946428
和歌山県,水の郷日高川　龍游,第15回,H11.8,田辺市,https://www.kkr.mlit.go.jp/road/michi_no_eki/contents/wakayama/mizunosatohidakagawaryuyu.html,33.895542,135.439311
和歌山県,明恵ふるさと館,第17回,H13.8,有田郡有田川町,https://www.kkr.mlit.go.jp/road/michi_no_eki/contents/wakayama/myouehurusatokan.html,34.054079,135.262895
和歌山県,根来さくらの里,第18回,H14.8,岩出市,https://www.kkr.mlit.go.jp/road/michi_no_eki/contents/wakayama/negorosakuranosato.html,34.311864,135.306998
和歌山県,あらぎの里,第28回,H20.8,有田郡有田川町,https://www.kkr.mlit.go.jp/road/michi_no_eki/contents/wakayama/araginosato.html,34.093046,135.412814
和歌山県,一枚岩,第30回,H21.3,東牟婁郡古座川町,https://www.kkr.mlit.go.jp/road/michi_no_eki/contents/wakayama/ichimaiiwa.html,33.545947,135.720118
和歌山県,白崎海洋公園,第32回,H21.7,日高郡由良町,https://www.kkr.mlit.go.jp/road/michi_no_eki/contents/wakayama/shirasaki.html,33.977345,135.069727
和歌山県,椿はなの湯,第33回,H22.3,西牟婁郡白浜町,https://www.kkr.mlit.go.jp/road/michi_no_eki/contents/wakayama/tsubaki.html,33.603276,135.391758
和歌山県,なち,第34回,H22.8,東牟婁郡那智勝浦町,https://www.kkr.mlit.go.jp/road/michi_no_eki/contents/wakayama/nachi.html,33.644367,135.936672
和歌山県,瀧之拝太郎,第34回,H22.8,東牟婁郡古座川町,https://www.kkr.mlit.go.jp/road/michi_no_eki/contents/wakayama/takinohaitaro.html,33.601578,135.765646
和歌山県,田辺市龍神ごまさんスカイタワー,第37回,H24.3,田辺市,https://www.kkr.mlit.go.jp/road/michi_no_eki/contents/wakayama/gomasanskytower.html,34.061127,135.564341
和歌山県,くしもと橋杭岩,第39回,H25.3,東牟婁郡串本町,https://www.kkr.mlit.go.jp/road/michi_no_eki/contents/wakayama/hasiguiiwa.html,33.488152,135.794406
和歌山県,柿の郷くどやま,第40回,H25.10,伊都郡九度山町,https://www.kkr.mlit.go.jp/road/michi_no_eki/contents/wakayama/kakinosatokudoyama.html,34.2932,135.555557
和歌山県,虫喰岩,第41回,H26.4,東牟婁郡古座川町,https://www.kkr.mlit.go.jp/road/michi_no_eki/contents/wakayama/musikuiiwa.html,33.539756,135.826121
和歌山県,くちくまの,第43回,H27.4,西牟婁郡上富田町,https://www.kkr.mlit.go.jp/road/michi_no_eki/contents/wakayama/kuchikumano.html,33.691425,135.414569
和歌山県,すさみ,第43回,H27.4,西牟婁郡すさみ町,https://www.kkr.mlit.go.jp/road/michi_no_eki/contents/wakayama/susami.html,33.505838,135.599887
和歌山県,かつらぎ西,第43回,H27.4,伊都郡かつらぎ町,https://www.kkr.mlit.go.jp/road/michi_no_eki/contents/wakayama/katsuraginishi.html,34.297741,135.473828
和歌山県,たいじ,第43回,H27.4,東牟婁郡太地町,https://www.kkr.mlit.go.jp/road/michi_no_eki/contents/wakayama/taiji.html,33.592362,135.933713
和歌山県,青洲の里,第44回,Ｈ27.11,紀の川市,https://www.kkr.mlit.go.jp/road/michi_no_eki/contents/wakayama/seishunosato.html,34.280741,135.441755
和歌山県,くしがきの里,第46回,Ｈ28.10,伊都郡かつらぎ町,https://www.kkr.mlit.go.jp/road/michi_no_eki/contents/wakayama/kushigakinosato.html,34.31829,135.477346
和歌山県,ねごろ歴史の丘,第47回,H29.4,岩出市,https://www.kkr.mlit.go.jp/road/michi_no_eki/contents/wakayama/negororekishinooka.html,34.286813,135.311361
和歌山県,四季の郷公園,第52回,R2.3,和歌山市,https://www-1.kkr.mlit.go.jp/road/michi_no_eki/contents/wakayama/Shikinosatokouen.html,,
和歌山県,海南サクアス,第58回,R5.2,海南市,,,
鳥取県,大栄,第1回,H5.4,東伯郡北栄町,https://www.cgr.mlit.go.jp/douro/Michi-no-Eki/single.html?name=%E5%A4%A7%E6%A0%84,35.49874,133.76178
鳥取県,三朝・楽市楽座,第1回,H5.4,東伯郡三朝町,https://www.cgr.mlit.go.jp/douro/Michi-no-Eki/single.html?name=%E4%B8%89%E6%9C%9D%E3%83%BB%E6%A5%BD%E5%B8%82%E6%A5%BD%E5%BA%A7%EF%BC%88%E4%BC%91%E6%AD%A2%E4%B8%AD%EF%BC%89,35.366321,133.850308
鳥取県,ほうじょう,第3回,H5.11,東伯郡北栄町,https://www.cgr.mlit.go.jp/douro/Michi-no-Eki/single.html?name=%E3%81%BB%E3%81%86%E3%81%98%E3%82%87%E3%81%86%EF%BC%88%E6%97%A7%E5%8C%97%E6%9D%A1%E5%85%AC%E5%9C%92%EF%BC%89,,
鳥取県,ポート赤碕,第3回,H5.11,東伯郡琴浦町,https://www.cgr.mlit.go.jp/douro/Michi-no-Eki/single.html?name=%E3%83%9D%E3%83%BC%E3%83%88%E8%B5%A4%E7%A2%95,35.507059,133.662462
鳥取県,はっとう,第9回,H7.8,八頭郡八頭町,https://www.cgr.mlit.go.jp/douro/Michi-no-Eki/single.html?name=%E3%81%AF%E3%81%A3%E3%81%A8%E3%81%86,35.366534,134.339563
鳥取県,犬挟,第13回,H9.10,倉吉市,https://www.cgr.mlit.go.jp/douro/Michi-no-Eki/single.html?name=%E7%8A%AC%E6%8C%9F,35.329304,133.7561
鳥取県,はわい,第19回,H15.8,東伯郡湯梨浜町,https://www.cgr.mlit.go.jp/douro/Michi-no-Eki/single.html?name=%E3%81%AF%E3%82%8F%E3%81%84,35.494298,133.890476
鳥取県,神話の里　白うさぎ,第21回,H17.8,鳥取市,https://www.cgr.mlit.go.jp/douro/Michi-no-Eki/single.html?name=%E7%A5%9E%E8%A9%B1%E3%81%AE%E9%87%8C_%E7%99%BD%E3%81%86%E3%81%95%E3%81%8E,35.525536,134.114316
鳥取県,清流茶屋　かわはら,第21回,H17.8,鳥取市,https://www.cgr.mlit.go.jp/douro/Michi-no-Eki/single.html?name=%E6%B8%85%E6%B5%81%E8%8C%B6%E5%B1%8B_%E3%81%8B%E3%82%8F%E3%81%AF%E3%82%89,35.393122,134.202954
鳥取県,若桜,第27回,H20.5,八頭郡若桜町,https://www.cgr.mlit.go.jp/douro/Michi-no-Eki/single.html?name=%E8%8B%A5%E6%A1%9C,35.343886,134.400272
鳥取県,大山恵みの里,第30回,H21.3,西伯郡大山町,https://www.cgr.mlit.go.jp/douro/Michi-no-Eki/single.html?name=%E5%A4%A7%E5%B1%B1%E6%81%B5%E3%81%BF%E3%81%AE%E9%87%8C,35.504663,133.502081
鳥取県,燕趙園,第35回,H23.3,東伯郡湯梨浜町,https://www.cgr.mlit.go.jp/douro/Michi-no-Eki/single.html?name=%E7%87%95%E8%B6%99%E5%9C%92,35.464691,133.89264
鳥取県,きなんせ岩美,第43回,H27.4,岩美郡岩美町,https://www.cgr.mlit.go.jp/douro/Michi-no-Eki/single.html?name=%E3%81%8D%E3%81%AA%E3%82%93%E3%81%9B%E5%B2%A9%E7%BE%8E,35.567411,134.325986
鳥取県,奥大山,第43回,H27.4,日野郡江府町,https://www.cgr.mlit.go.jp/douro/Michi-no-Eki/single.html?name=%E5%A5%A5%E5%A4%A7%E5%B1%B1,35.29611,133.474076
鳥取県,にちなん日野川の郷,第44回,Ｈ27.11,日野郡日南町,https://www.cgr.mlit.go.jp/douro/Michi-no-Eki/single.html?name=%E3%81%AB%E3%81%A1%E3%81%AA%E3%82%93%E6%97%A5%E9%87%8E%E5%B7%9D%E3%81%AE%E9%83%B7,35.170682,133.310933
鳥取県,琴の浦,第46回,Ｈ28.10,東伯郡琴浦町,https://www.cgr.mlit.go.jp/douro/Michi-no-Eki/single.html?name=%E7%90%B4%E3%81%AE%E6%B5%A6,35.502427,133.6585
鳥取県,西いなば 気楽里,第50回,H31.3,鳥取市,https://www.cgr.mlit.go.jp/douro/Michi-no-Eki/single.html?name=%E8%A5%BF%E3%81%84%E3%81%AA%E3%81%B0%E6%B0%97%E6%A5%BD%E9%87%8C,,
島根県,掛合の里,第1回,H5.4,雲南市,https://www.cgr.mlit.go.jp/douro/Michi-no-Eki/single.html?name=%E6%8E%9B%E5%90%88%E3%81%AE%E9%87%8C,35.210932,132.817038
島根県,頓原,第1回,H5.4,飯石郡飯南町,https://www.cgr.mlit.go.jp/douro/Michi-no-Eki/single.html?name=%E9%A0%93%E5%8E%9F,35.089786,132.785617
島根県,ゆうひパーク浜田,第3回,H5.11,浜田市,https://www.cgr.mlit.go.jp/douro/Michi-no-Eki/single.html?name=%E3%82%86%E3%81%86%E3%81%B2%E3%83%91%E3%83%BC%E3%82%AF%E6%B5%9C%E7%94%B0,34.889025,132.071246
島根県,ゆうひパーク三隅,第3回,H5.11,浜田市,https://www.cgr.mlit.go.jp/douro/Michi-no-Eki/single.html?name=%E3%82%86%E3%81%86%E3%81%B2%E3%83%91%E3%83%BC%E3%82%AF%E4%B8%89%E9%9A%85,34.820353,131.976837
島根県,邑南の里,第3回,H5.11,邑智郡邑南町,https://www.cgr.mlit.go.jp/douro/Michi-no-Eki/single.html?name=%E9%82%91%E5%8D%97%E3%81%AE%E9%87%8C,,
島根県,グリーンロード大和,第3回,H5.11,邑智郡美郷町,https://www.cgr.mlit.go.jp/douro/Michi-no-Eki/single.html?name=%E3%82%B0%E3%83%AA%E3%83%BC%E3%83%B3%E3%83%AD%E3%83%BC%E3%83%89%E5%A4%A7%E5%92%8C,34.967579,132.641738
島根県,大社ご縁広場,第3回,H5.11,出雲市,https://www.cgr.mlit.go.jp/douro/Michi-no-Eki/single.html?name=%E5%A4%A7%E7%A4%BE%E3%81%94%E7%B8%81%E5%BA%83%E5%A0%B4,35.389226,132.686398
島根県,サンエイト美都,第6回,H6.8,益田市,https://www.cgr.mlit.go.jp/douro/Michi-no-Eki/single.html?name=%E3%82%B5%E3%83%B3%E3%82%A8%E3%82%A4%E3%83%88%E7%BE%8E%E9%83%BD,34.68777,132.022132
島根県,奥出雲おろちループ,第6回,H6.8,仁多郡奥出雲町,https://www.cgr.mlit.go.jp/douro/Michi-no-Eki/single.html?name=%E5%A5%A5%E5%87%BA%E9%9B%B2%E3%81%8A%E3%82%8D%E3%81%A1%E3%83%AB%E3%83%BC%E3%83%97,35.095954,133.127831
島根県,広瀬・富田城,第9回,H7.8,安来市,https://www.cgr.mlit.go.jp/douro/Michi-no-Eki/single.html?name=%E5%BA%83%E7%80%AC%E3%83%BB%E5%AF%8C%E7%94%B0%E5%9F%8E,35.368338,133.180614
島根県,赤来高原,第11回,H8.8,飯石郡飯南町,https://www.cgr.mlit.go.jp/douro/Michi-no-Eki/single.html?name=%E8%B5%A4%E6%9D%A5%E9%AB%98%E5%8E%9F,34.999046,132.713808
島根県,かきのきむら,第11回,H8.8,鹿足郡吉賀町,https://www.cgr.mlit.go.jp/douro/Michi-no-Eki/single.html?name=%E3%81%8B%E3%81%8D%E3%81%AE%E3%81%8D%E3%82%80%E3%82%89,34.442285,131.867742
島根県,キララ多伎,第13回,H9.10,出雲市,https://www.cgr.mlit.go.jp/douro/Michi-no-Eki/single.html?name=%E3%82%AD%E3%83%A9%E3%83%A9%E5%A4%9A%E4%BC%8E,35.290726,132.632428
島根県,湯の川,第14回,H10.4,出雲市,https://www.cgr.mlit.go.jp/douro/Michi-no-Eki/single.html?name=%E6%B9%AF%E3%81%AE%E5%B7%9D,35.395672,132.869297
島根県,シルクウェイにちはら,第14回,H10.4,鹿足郡津和野町,https://www.cgr.mlit.go.jp/douro/Michi-no-Eki/single.html?name=%E3%82%B7%E3%83%AB%E3%82%AF%E3%82%A6%E3%82%A7%E3%82%A4%E3%81%AB%E3%81%A1%E3%81%AF%E3%82%89,34.553541,131.808066
島根県,秋鹿なぎさ公園,第14回,H10.4,松江市,https://www.cgr.mlit.go.jp/douro/Michi-no-Eki/single.html?name=%E7%A7%8B%E9%B9%BF%E3%81%AA%E3%81%8E%E3%81%95%E5%85%AC%E5%9C%92,35.474545,132.950724
島根県,津和野温泉なごみの里,第16回,H12.8,鹿足郡津和野町,https://www.cgr.mlit.go.jp/douro/Michi-no-Eki/single.html?name=%E6%B4%A5%E5%92%8C%E9%87%8E%E6%B8%A9%E6%B3%89%E3%81%AA%E3%81%94%E3%81%BF%E3%81%AE%E9%87%8C,34.450178,131.760771
島根県,さくらの里きすき,第17回,H13.8,雲南市,https://www.cgr.mlit.go.jp/douro/Michi-no-Eki/single.html?name=%E3%81%95%E3%81%8F%E3%82%89%E3%81%AE%E9%87%8C%E3%81%8D%E3%81%99%E3%81%8D,35.318905,132.912142
島根県,本庄,第21回,H17.8,松江市,https://www.cgr.mlit.go.jp/douro/Michi-no-Eki/single.html?name=%E6%9C%AC%E5%BA%84,35.518244,133.136587
島根県,匹見峡,第21回,H17.8,益田市,https://www.cgr.mlit.go.jp/douro/Michi-no-Eki/single.html?name=%E5%8C%B9%E8%A6%8B%E5%B3%A1,34.643441,132.091415
島根県,酒蔵奥出雲交流館,第22回,H18.8,仁多郡奥出雲町,https://www.cgr.mlit.go.jp/douro/Michi-no-Eki/single.html?name=%E9%85%92%E8%94%B5%E5%A5%A5%E5%87%BA%E9%9B%B2%E4%BA%A4%E6%B5%81%E9%A4%A8,35.227205,133.086772
島根県,インフォメーションセンターかわもと,第24回,H19.8,邑智郡川本町,https://www.cgr.mlit.go.jp/douro/Michi-no-Eki/single.html?name=%E3%82%A4%E3%83%B3%E3%83%95%E3%82%A9%E3%83%A1%E3%83%BC%E3%82%B7%E3%83%A7%E3%83%B3%E3%82%BB%E3%83%B3%E3%82%BF%E3%83%BC%E3%81%8B%E3%82%8F%E3%82%82%E3%81%A8,34.966,132.47299
島根県,むいかいち温泉,第33回,H22.3,鹿足郡吉賀町,https://www.cgr.mlit.go.jp/douro/Michi-no-Eki/single.html?name=%E3%82%80%E3%81%84%E3%81%8B%E3%81%84%E3%81%A1%E6%B8%A9%E6%B3%89,34.35291,131.943843
島根県,ロード銀山,第33回,H22.3,大田市,https://www.cgr.mlit.go.jp/douro/Michi-no-Eki/single.html?name=%E3%83%AD%E3%83%BC%E3%83%89%E9%8A%80%E5%B1%B1,35.222053,132.514011
島根県,サンピコごうつ,第33回,H22.3,江津市,https://www.cgr.mlit.go.jp/douro/Michi-no-Eki/single.html?name=%E3%82%B5%E3%83%B3%E3%83%94%E3%82%B3%E3%81%94%E3%81%86%E3%81%A4,35.045125,132.29894
島根県,おろちの里,第35回,H23.3,雲南市,https://www.cgr.mlit.go.jp/douro/Michi-no-Eki/single.html?name=%E3%81%8A%E3%82%8D%E3%81%A1%E3%81%AE%E9%87%8C,35.220303,132.962075
島根県,あらエッサ,第35回,H23.3,安来市,https://www.cgr.mlit.go.jp/douro/Michi-no-Eki/single.html?name=%E3%81%82%E3%82%89%E3%82%A8%E3%83%83%E3%82%B5,35.409548,133.312406
島根県,たたらば壱番地,第38回,H24.9,雲南市,https://www.cgr.mlit.go.jp/douro/Michi-no-Eki/single.html?name=%E3%81%9F%E3%81%9F%E3%82%89%E3%81%B0%E5%A3%B1%E7%95%AA%E5%9C%B0,35.167018,132.830279
島根県,ごいせ仁摩,第53回,R2.7,大田市,https://www.cgr.mlit.go.jp/douro/Michi-no-Eki/single.html?name=%E3%81%94%E3%81%84%E3%81%9B%E4%BB%81%E6%91%A9,,
岡山県,かもがわ円城,第3回,H5.11,加賀郡吉備中央町,https://www.cgr.mlit.go.jp/douro/Michi-no-Eki/single.html?name=%E3%81%8B%E3%82%82%E3%81%8C%E3%82%8F%E5%86%86%E5%9F%8E,34.892286,133.813971
岡山県,がいせん桜　新庄宿,第3回,H5.11,真庭郡新庄村,https://www.cgr.mlit.go.jp/douro/Michi-no-Eki/single.html?name=%E3%81%8C%E3%81%84%E3%81%9B%E3%82%93%E6%A1%9C_%E6%96%B0%E5%BA%84%E5%AE%BF,,
岡山県,あわくらんど,第6回,H6.8,英田郡西粟倉村,https://www.cgr.mlit.go.jp/douro/Michi-no-Eki/single.html?name=%E3%81%82%E3%82%8F%E3%81%8F%E3%82%89%E3%82%93%E3%81%A9,35.180196,134.33522
岡山県,くめなん,第9回,H7.8,久米郡久米南町,https://www.cgr.mlit.go.jp/douro/Michi-no-Eki/single.html?name=%E3%81%8F%E3%82%81%E3%81%AA%E3%82%93,34.912267,133.947028
岡山県,みやま公園,第10回,H8.4,玉野市,https://www.cgr.mlit.go.jp/douro/Michi-no-Eki/single.html?name=%E3%81%BF%E3%82%84%E3%81%BE%E5%85%AC%E5%9C%92,34.520201,133.926904
岡山県,一本松展望園,第10回,H8.4,瀬戸内市,https://www.cgr.mlit.go.jp/douro/Michi-no-Eki/single.html?name=%E4%B8%80%E6%9C%AC%E6%9D%BE%E5%B1%95%E6%9C%9B%E5%9C%92,34.65636,134.165713
岡山県,黒井山グリーンパーク,第10回,H8.4,瀬戸内市,https://www.cgr.mlit.go.jp/douro/Michi-no-Eki/single.html?name=%E9%BB%92%E4%BA%95%E5%B1%B1%E3%82%B0%E3%83%AA%E3%83%BC%E3%83%B3%E3%83%91%E3%83%BC%E3%82%AF,34.693559,134.20531
岡山県,鯉が窪,第11回,H8.8,新見市,https://www.cgr.mlit.go.jp/douro/Michi-no-Eki/single.html?name=%E9%AF%89%E3%81%8C%E7%AA%AA,34.93205,133.331722
岡山県,蒜山高原,第11回,H8.8,真庭市,https://www.cgr.mlit.go.jp/douro/Michi-no-Eki/single.html?name=%E8%92%9C%E5%B1%B1%E9%AB%98%E5%8E%9F,35.294904,133.66756
岡山県,風の家,第13回,H9.10,真庭市,https://www.cgr.mlit.go.jp/douro/Michi-no-Eki/single.html?name=%E9%A2%A8%E3%81%AE%E5%AE%B6,35.276831,133.623942
岡山県,彩菜茶屋,第13回,H9.10,美作市,https://www.cgr.mlit.go.jp/douro/Michi-no-Eki/single.html?name=%E5%BD%A9%E8%8F%9C%E8%8C%B6%E5%B1%8B,35.014721,134.150897
岡山県,奥津温泉,第15回,H11.8,苫田郡鏡野町,https://www.cgr.mlit.go.jp/douro/Michi-no-Eki/single.html?name=%E5%A5%A5%E6%B4%A5%E6%B8%A9%E6%B3%89,35.223386,133.922855
岡山県,久米の里,第16回,H12.8,津山市,https://www.cgr.mlit.go.jp/douro/Michi-no-Eki/single.html?name=%E4%B9%85%E7%B1%B3%E3%81%AE%E9%87%8C,35.056042,133.922895
岡山県,醍醐の里,第18回,H14.8,真庭市,https://www.cgr.mlit.go.jp/douro/Michi-no-Eki/single.html?name=%E9%86%8D%E9%86%90%E3%81%AE%E9%87%8C,34.99104,133.725533
岡山県,かよう,第19回,H15.8,加賀郡吉備中央町,https://www.cgr.mlit.go.jp/douro/Michi-no-Eki/single.html?name=%E3%81%8B%E3%82%88%E3%81%86,34.816441,133.705327
岡山県,笠岡ベイファーム,第35回,H23.3,笠岡市,https://www.cgr.mlit.go.jp/douro/Michi-no-Eki/single.html?name=%E7%AC%A0%E5%B2%A1%E3%83%99%E3%82%A4%E3%83%95%E3%82%A1%E3%83%BC%E3%83%A0,34.473317,133.500244
岡山県,山陽道やかげ宿,第53回,R2.7,小田郡矢掛町,https://www.cgr.mlit.go.jp/douro/Michi-no-Eki/single.html?name=%E5%B1%B1%E9%99%BD%E9%81%93%E3%82%84%E3%81%8B%E3%81%92%E5%AE%BF,,
広島県,リストアステーション,第3回,H5.11,庄原市,https://www.cgr.mlit.go.jp/douro/Michi-no-Eki/single.html?name=%E3%83%AA%E3%82%B9%E3%83%88%E3%82%A2%E3%82%B9%E3%83%86%E3%83%BC%E3%82%B7%E3%83%A7%E3%83%B3,34.784591,133.071314
広島県,遊ＹＯＵさろん東城,第6回,H6.8,庄原市,https://www.cgr.mlit.go.jp/douro/Michi-no-Eki/single.html?name=%E9%81%8A%EF%BC%B9%EF%BC%AF%EF%BC%B5%E3%81%95%E3%82%8D%E3%82%93%E6%9D%B1%E5%9F%8E,34.88967,133.275712
広島県,さんわ182ステーション,第6回,H6.8,神石郡神石高原町,https://www.cgr.mlit.go.jp/douro/Michi-no-Eki/single.html?name=%E3%81%95%E3%82%93%E3%82%8F182%E3%82%B9%E3%83%86%E3%83%BC%E3%82%B7%E3%83%A7%E3%83%B3,34.673486,133.299869
広島県,豊平どんぐり村,第6回,H6.8,山県郡北広島町,https://www.cgr.mlit.go.jp/douro/Michi-no-Eki/single.html?name=%E8%B1%8A%E5%B9%B3%E3%81%A9%E3%82%93%E3%81%90%E3%82%8A%E6%9D%91,34.646858,132.444698
広島県,来夢とごうち,第9回,H7.8,山県郡安芸太田町,https://www.cgr.mlit.go.jp/douro/Michi-no-Eki/single.html?name=%E6%9D%A5%E5%A4%A2%E3%81%A8%E3%81%94%E3%81%86%E3%81%A1,34.574415,132.269829
広島県,よがんす白竜,第9回,H7.8,三原市,https://www.cgr.mlit.go.jp/douro/Michi-no-Eki/single.html?name=%E3%82%88%E3%81%8C%E3%82%93%E3%81%99%E7%99%BD%E7%AB%9C,34.506471,132.913945
広島県,アリストぬまくま,第9回,H7.8,福山市,https://www.cgr.mlit.go.jp/douro/Michi-no-Eki/single.html?name=%E3%82%A2%E3%83%AA%E3%82%B9%E3%83%88%E3%81%AC%E3%81%BE%E3%81%8F%E3%81%BE,34.394684,133.317308
広島県,スパ羅漢,第10回,H8.4,廿日市市,https://www.cgr.mlit.go.jp/douro/Michi-no-Eki/single.html?name=%E3%82%B9%E3%83%91%E7%BE%85%E6%BC%A2,34.389119,132.104251
広島県,ゆめランド布野,第11回,H8.8,三次市,https://www.cgr.mlit.go.jp/douro/Michi-no-Eki/single.html?name=%E3%82%86%E3%82%81%E3%83%A9%E3%83%B3%E3%83%89%E5%B8%83%E9%87%8E,34.85579,132.797055
広島県,ふぉレスト君田,第13回,H9.10,三次市,https://www.cgr.mlit.go.jp/douro/Michi-no-Eki/single.html?name=%E3%81%B5%E3%81%89%E3%83%AC%E3%82%B9%E3%83%88%E5%90%9B%E7%94%B0,34.899067,132.849485
広島県,クロスロードみつぎ,第17回,H13.8,尾道市,https://www.cgr.mlit.go.jp/douro/Michi-no-Eki/single.html?name=%E3%82%AF%E3%83%AD%E3%82%B9%E3%83%AD%E3%83%BC%E3%83%89%E3%81%BF%E3%81%A4%E3%81%8E,34.511516,133.144662
広島県,舞ロードＩＣ千代田,第19回,H15.8,山県郡北広島町,https://www.cgr.mlit.go.jp/douro/Michi-no-Eki/single.html?name=%E8%88%9E%E3%83%AD%E3%83%BC%E3%83%89%EF%BC%A9%EF%BC%A3%E5%8D%83%E4%BB%A3%E7%94%B0,34.674541,132.541233
広島県,北の関宿安芸高田,第19回,H15.8,安芸高田市,https://www.cgr.mlit.go.jp/douro/Michi-no-Eki/single.html?name=%E5%8C%97%E3%81%AE%E9%96%A2%E5%AE%BF%E5%AE%89%E8%8A%B8%E9%AB%98%E7%94%B0,34.72105,132.681051
広島県,湖畔の里福富,第27回,H20.5,東広島市,https://www.cgr.mlit.go.jp/douro/Michi-no-Eki/single.html?name=%E6%B9%96%E7%95%94%E3%81%AE%E9%87%8C%E7%A6%8F%E5%AF%8C,34.532233,132.775986
広島県,たけはら,第34回,H22.8,竹原市,https://www.cgr.mlit.go.jp/douro/Michi-no-Eki/single.html?name=%E3%81%9F%E3%81%91%E3%81%AF%E3%82%89,34.343938,132.912168
広島県,みはら神明の里,第36回,H23.8,三原市,https://www.cgr.mlit.go.jp/douro/Michi-no-Eki/single.html?name=%E3%81%BF%E3%81%AF%E3%82%89%E7%A5%9E%E6%98%8E%E3%81%AE%E9%87%8C,34.396828,133.103886
広島県,たかの,第38回,H24.9,庄原市,https://www.cgr.mlit.go.jp/douro/Michi-no-Eki/single.html?name=%E3%81%9F%E3%81%8B%E3%81%AE,35.024058,132.881598
広島県,世羅,第42回,H26.10,世羅郡世羅町,https://www.cgr.mlit.go.jp/douro/Michi-no-Eki/single.html?name=%E4%B8%96%E7%BE%85,34.59638,133.0841
広島県,びんご府中,第45回,Ｈ28.4,府中市,https://www.cgr.mlit.go.jp/douro/Michi-no-Eki/single.html?name=%E3%81%B3%E3%82%93%E3%81%94%E5%BA%9C%E4%B8%AD,34.56977,133.235633
広島県,三矢の里あきたかた,第52回,R2.3,安芸高田市,https://www.cgr.mlit.go.jp/douro/Michi-no-Eki/single.html?name=%E4%B8%89%E7%9F%A2%E3%81%AE%E9%87%8C%E3%81%82%E3%81%8D%E3%81%9F%E3%81%8B%E3%81%9F,,
広島県,西条のん太の酒蔵,第56回,R4.2,東広島市,https://www.cgr.mlit.go.jp/douro/Michi-no-Eki/single.html?name=%E8%A5%BF%E6%9D%A1%E3%81%AE%E3%82%93%E5%A4%AA%E3%81%AE%E9%85%92%E8%94%B5,,
山口県,阿武町,第1回,H5.4,阿武郡阿武町,https://www.cgr.mlit.go.jp/douro/Michi-no-Eki/single.html?name=%E9%98%BF%E6%AD%A6%E7%94%BA,34.497119,131.468069
山口県,萩往還,第1回,H5.4,萩市,https://www.cgr.mlit.go.jp/douro/Michi-no-Eki/single.html?name=%E8%90%A9%E5%BE%80%E9%82%84,34.369527,131.413065
山口県,あさひ,第6回,H6.8,萩市,https://www.cgr.mlit.go.jp/douro/Michi-no-Eki/single.html?name=%E3%81%82%E3%81%95%E3%81%B2,34.286296,131.459512
山口県,あいお,第6回,H6.8,山口市,https://www.cgr.mlit.go.jp/douro/Michi-no-Eki/single.html?name=%E3%81%82%E3%81%84%E3%81%8A,34.028805,131.457246
山口県,ゆとりパークたまがわ,第10回,H8.4,萩市,https://www.cgr.mlit.go.jp/douro/Michi-no-Eki/single.html?name=%E3%82%86%E3%81%A8%E3%82%8A%E3%83%91%E3%83%BC%E3%82%AF%E3%81%9F%E3%81%BE%E3%81%8C%E3%82%8F,34.648504,131.665035
山口県,サザンセトとうわ,第11回,H8.8,大島郡周防大島町,https://www.cgr.mlit.go.jp/douro/Michi-no-Eki/single.html?name=%E3%82%B5%E3%82%B6%E3%83%B3%E3%82%BB%E3%83%88%E3%81%A8%E3%81%86%E3%82%8F,33.904161,132.341715
山口県,きくがわ,第11回,H8.8,下関市,https://www.cgr.mlit.go.jp/douro/Michi-no-Eki/single.html?name=%E3%81%8D%E3%81%8F%E3%81%8C%E3%82%8F,34.126247,131.031689
山口県,ハピネスふくえ,第11回,H8.8,萩市,https://www.cgr.mlit.go.jp/douro/Michi-no-Eki/single.html?name=%E3%83%8F%E3%83%94%E3%83%8D%E3%82%B9%E3%81%B5%E3%81%8F%E3%81%88,34.433908,131.48264
山口県,長門峡,第13回,H9.10,山口市,https://www.cgr.mlit.go.jp/douro/Michi-no-Eki/single.html?name=%E9%95%B7%E9%96%80%E5%B3%A1,34.303135,131.576276
山口県,ピュアラインにしき,第13回,H9.10,岩国市,https://www.cgr.mlit.go.jp/douro/Michi-no-Eki/single.html?name=%E3%83%94%E3%83%A5%E3%82%A2%E3%83%A9%E3%82%A4%E3%83%B3%E3%81%AB%E3%81%97%E3%81%8D,34.278396,131.969537
山口県,おふく,第13回,H9.10,美祢市,https://www.cgr.mlit.go.jp/douro/Michi-no-Eki/single.html?name=%E3%81%8A%E3%81%B5%E3%81%8F,34.237947,131.208496
山口県,みとう,第13回,H9.10,美祢市,https://www.cgr.mlit.go.jp/douro/Michi-no-Eki/single.html?name=%E3%81%BF%E3%81%A8%E3%81%86,34.218183,131.343934
山口県,仁保の郷,第15回,H11.8,山口市,https://www.cgr.mlit.go.jp/douro/Michi-no-Eki/single.html?name=%E4%BB%81%E4%BF%9D%E3%81%AE%E9%83%B7,34.21091,131.559363
山口県,萩しーまーと,第16回,H12.8,萩市,https://www.cgr.mlit.go.jp/douro/Michi-no-Eki/single.html?name=%E8%90%A9%E3%81%97%E3%83%BC%E3%81%BE%E3%83%BC%E3%81%A8,34.426246,131.414621
山口県,願成就温泉,第19回,H15.8,山口市,https://www.cgr.mlit.go.jp/douro/Michi-no-Eki/single.html?name=%E9%A1%98%E6%88%90%E5%B0%B1%E6%B8%A9%E6%B3%89,34.434433,131.770512
山口県,うり坊の郷ｋａｔａｍａｔａ,第19回,H15.8,萩市,https://www.cgr.mlit.go.jp/douro/Michi-no-Eki/single.html?name=%E3%81%86%E3%82%8A%E5%9D%8A%E3%81%AE%E9%83%B7%EF%BD%8B%EF%BD%81%EF%BD%94%EF%BD%81%EF%BD%8D%EF%BD%81%EF%BD%94%EF%BD%81,34.483226,131.632274
山口県,蛍街道西ノ市,第20回,H16.8,下関市,https://www.cgr.mlit.go.jp/douro/Michi-no-Eki/single.html?name=%E8%9B%8D%E8%A1%97%E9%81%93%E8%A5%BF%E3%83%8E%E5%B8%82,34.198396,131.076731
山口県,きらら　あじす,第20回,H16.8,山口市,https://www.cgr.mlit.go.jp/douro/Michi-no-Eki/single.html?name=%E3%81%8D%E3%82%89%E3%82%89_%E3%81%82%E3%81%98%E3%81%99,34.012855,131.369561
山口県,萩・さんさん三見,第33回,H22.3,萩市,https://www.cgr.mlit.go.jp/douro/Michi-no-Eki/single.html?name=%E8%90%A9%E3%83%BB%E3%81%95%E3%82%93%E3%81%95%E3%82%93%E4%B8%89%E8%A6%8B,34.38893,131.321968
山口県,北浦街道　豊北,第36回,H23.8,下関市,https://www.cgr.mlit.go.jp/douro/Michi-no-Eki/single.html?name=%E5%8C%97%E6%B5%A6%E8%A1%97%E9%81%93_%E8%B1%8A%E5%8C%97,34.310399,130.88867
山口県,ソレーネ周南,第40回,H25.10,周南市,https://www.cgr.mlit.go.jp/douro/Michi-no-Eki/single.html?name=%E3%82%BD%E3%83%AC%E3%83%BC%E3%83%8D%E5%91%A8%E5%8D%97,34.074899,131.688204
山口県,上関海峡,第41回,H26.4,熊毛郡上関町,https://www.cgr.mlit.go.jp/douro/Michi-no-Eki/single.html?name=%E4%B8%8A%E9%96%A2%E6%B5%B7%E5%B3%A1,33.833004,132.11652
山口県,潮彩市場防府,第43回,H27.4,防府市,https://www.cgr.mlit.go.jp/douro/Michi-no-Eki/single.html?name=%E6%BD%AE%E5%BD%A9%E5%B8%82%E5%A0%B4%E9%98%B2%E5%BA%9C,34.038071,131.597679
山口県,センザキッチン,第48回,H29.9,長門市,https://www.cgr.mlit.go.jp/douro/Michi-no-Eki/single.html?name=%E3%82%BB%E3%83%B3%E3%82%B6%E3%82%AD%E3%83%83%E3%83%81%E3%83%B3,34.388466,131.202713
徳島県,貞光ゆうゆう館,第5回,H6.4,美馬郡つるぎ町,https://www.skr.mlit.go.jp/road/rstation/eki/to01_sadamitsu.html,34.042626,134.06003
徳島県,鷲の里,第8回,H7.4,那賀郡那賀町,https://www.skr.mlit.go.jp/road/rstation/eki/to02_washinosato.html,33.863199,134.502284
徳島県,宍喰温泉,第10回,H8.4,海部郡海陽町,https://www.skr.mlit.go.jp/road/rstation/eki/to03_shishikui.html,33.569063,134.307283
徳島県,どなり,第10回,H8.4,阿波市,https://www.skr.mlit.go.jp/road/rstation/eki/to04_donari.html,34.150942,134.352444
徳島県,にしいや,第13回,H9.10,三好市,https://www.skr.mlit.go.jp/road/rstation/eki/to05_nishiiya.html,33.889169,133.811312
徳島県,わじき,第14回,H10.4,那賀郡那賀町,https://www.skr.mlit.go.jp/road/rstation/eki/to06_wajiki.html,33.869008,134.554696
徳島県,公方の郷なかがわ,第15回,H11.8,阿南市,https://www.skr.mlit.go.jp/road/rstation/eki/to07_nakagawa.html,33.952932,134.667814
徳島県,もみじ川温泉,第16回,H12.8,那賀郡那賀町,https://www.skr.mlit.go.jp/road/rstation/eki/to08_momijigawa.html,33.797698,134.446217
徳島県,温泉の里神山,第17回,H13.8,名西郡神山町,https://www.skr.mlit.go.jp/road/rstation/eki/to09_kamiyama.html,33.973568,134.367684
徳島県,藍ランドうだつ,第18回,H14.8,美馬市,https://www.skr.mlit.go.jp/road/rstation/eki/to10_udatsu.html,34.066975,134.146514
徳島県,三野,第18回,H14.8,三好市,https://www.skr.mlit.go.jp/road/rstation/eki/to11_mino.html,34.050487,133.932482
徳島県,日和佐,第20回,H16.8,海部郡美波町,https://www.skr.mlit.go.jp/road/rstation/eki/to12_hiwasa.html,33.73029,134.530247
徳島県,第九の里,第21回,H17.8,鳴門市,https://www.skr.mlit.go.jp/road/rstation/eki/to13_daiku.html,34.16389,134.498814
徳島県,大歩危,第28回,H20.8,三好市,https://www.skr.mlit.go.jp/road/rstation/eki/to14_ooboke.html,33.881363,133.76004
徳島県,ひなの里かつうら,第35回,H23.3,勝浦郡勝浦町,https://www.skr.mlit.go.jp/road/rstation/eki/to15_katsuura.html,33.932192,134.522832
徳島県,みまの里,第49回,H30.4,美馬市,https://www.skr.mlit.go.jp/road/rstation/eki/to16_mima.html,34.050557,134.05889
徳島県,いたの,第53回,R2.7,板野郡板野町,https://www.skr.mlit.go.jp/road/rstation/eki/to17_itano.html,,
徳島県,くるくる なると,第55回,R3.6,鳴門市,https://www.skr.mlit.go.jp/road/rstation/eki/to18_naruto.html,,
香川県,瀬戸大橋記念公園,第4回,H6.3,坂出市,https://www.skr.mlit.go.jp/road/rstation/eki/ka01_setooohashi.html,34.352689,133.826128
香川県,津田の松原,第4回,H6.3,さぬき市,https://www.skr.mlit.go.jp/road/rstation/eki/ka02_tsuda.html,34.285271,134.253249
香川県,ことひき,第6回,H6.8,観音寺市,https://www.skr.mlit.go.jp/road/rstation/eki/ka03_kotohiki.html,34.130599,133.643716
香川県,ふれあいパークみの,第9回,H7.8,三豊市,https://www.skr.mlit.go.jp/road/rstation/eki/ka04_mino.html,34.226348,133.722855
香川県,小豆島オリーブ公園,第11回,H8.8,小豆郡小豆島町,https://www.skr.mlit.go.jp/road/rstation/eki/ka05_olive.html,34.472848,134.27364
香川県,小豆島ふるさと村,第11回,H8.8,小豆郡小豆島町,https://www.skr.mlit.go.jp/road/rstation/eki/ka06_furusato.html,34.471019,134.236154
香川県,空の夢もみの木パーク,第12回,H9.4,仲多度郡まんのう町,https://www.skr.mlit.go.jp/road/rstation/eki/ka07_mominoki.html,34.15485,133.821551
香川県,みろく,第12回,H9.4,さぬき市,https://www.skr.mlit.go.jp/road/rstation/eki/ka08_miroku.html,34.25819,134.242466
香川県,しおのえ,第12回,H9.4,高松市,https://www.skr.mlit.go.jp/road/rstation/eki/ka09_shionoe.html,34.170204,134.082067
香川県,滝宮,第13回,H9.10,綾歌郡綾川町,https://www.skr.mlit.go.jp/road/rstation/eki/ka10_takinomiya.html,34.249777,133.917359
香川県,ことなみ,第14回,H10.4,仲多度郡まんのう町,https://www.skr.mlit.go.jp/road/rstation/eki/ka11_kotonami.html,34.095094,134.007744
香川県,恋人の聖地　うたづ臨海公園,第14回,H10.4,綾歌郡宇多津町,https://www.skr.mlit.go.jp/road/rstation/eki/ka12_utadu.html,34.313388,133.807966
香川県,とよはま,第15回,H11.8,観音寺市,https://www.skr.mlit.go.jp/road/rstation/eki/ka13_toyohama.html,34.042768,133.601307
香川県,たからだの里さいた,第15回,H11.8,三豊市,https://www.skr.mlit.go.jp/road/rstation/eki/ka14_saita.html,34.109652,133.796699
香川県,大坂城残石記念公園,第15回,H11.8,小豆郡土庄町,https://www.skr.mlit.go.jp/road/rstation/eki/ka15_oosaka.html,34.533907,134.242185
香川県,ながお,第17回,H13.8,さぬき市,https://www.skr.mlit.go.jp/road/rstation/eki/ka16_nagao.html,34.22136,134.175
香川県,香南楽湯,第17回,H13.8,高松市,https://www.skr.mlit.go.jp/road/rstation/eki/ka17_kounan.html,34.239419,134.007288
香川県,源平の里むれ,第23回,H19.3,高松市,https://www.skr.mlit.go.jp/road/rstation/eki/ka18_mure.html,34.333725,134.157497
愛媛県,佐田岬半島ミュージアム,第1回,H5.4,西宇和郡伊方町,https://www.skr.mlit.go.jp/road/rstation/eki/eh01_sadamisaki.html,,
愛媛県,マイントピア別子,第1回,H5.4,新居浜市,https://www.skr.mlit.go.jp/road/rstation/eki/eh02_besshi.html,33.901924,133.309856
愛媛県,日吉夢産地,第5回,H6.4,北宇和郡鬼北町,https://www.skr.mlit.go.jp/road/rstation/eki/eh03_hiyoshi.html,33.330234,132.798245
愛媛県,ひろた,第5回,H6.4,伊予郡砥部町,https://www.skr.mlit.go.jp/road/rstation/eki/eh04_hirota.html,33.640379,132.799821
愛媛県,ふたみ,第6回,H6.8,伊予市,https://www.skr.mlit.go.jp/road/rstation/eki/eh05_futami.html,33.685118,132.634032
愛媛県,内子フレッシュパークからり,第11回,H8.8,喜多郡内子町,https://www.skr.mlit.go.jp/road/rstation/eki/eh06_uchiko.html,33.554906,132.65829
愛媛県,伊方きらら館,第12回,H9.4,西宇和郡伊方町,https://www.skr.mlit.go.jp/road/rstation/eki/eh07_ikata.html,33.480894,132.307546
愛媛県,きなはい屋しろかわ,第12回,H9.4,西予市,https://www.skr.mlit.go.jp/road/rstation/eki/eh08_shirokawa.html,33.379789,132.749358
愛媛県,みしょうＭＩＣ,第13回,H9.10,南宇和郡愛南町,https://www.skr.mlit.go.jp/road/rstation/eki/eh09_misyou.html,32.95878,132.561599
愛媛県,今治湯ノ浦温泉,第14回,H10.4,今治市,https://www.skr.mlit.go.jp/road/rstation/eki/eh10_imabari.html,33.992858,133.048412
愛媛県,虹の森公園まつの,第14回,H10.4,北宇和郡松野町,https://www.skr.mlit.go.jp/road/rstation/eki/eh11_matsuno.html,33.229785,132.709493
愛媛県,広見森の三角ぼうし,第14回,H10.4,北宇和郡鬼北町,https://www.skr.mlit.go.jp/road/rstation/eki/eh12_hiromi.html,33.253857,132.687127
愛媛県,伯方Ｓ・Ｃパーク,第15回,H11.8,今治市,https://www.skr.mlit.go.jp/road/rstation/eki/eh13_hakata.html,34.202813,133.075515
愛媛県,今治市多々羅しまなみ公園,第15回,H11.8,今治市,https://www.skr.mlit.go.jp/road/rstation/eki/eh14_tatara.html,34.254848,133.054506
愛媛県,しまなみの駅御島,第15回,H11.8,今治市,https://www.skr.mlit.go.jp/road/rstation/eki/eh15_mishima.html,34.248962,133.005253
愛媛県,小松オアシス,第16回,H12.8,西条市,https://www.skr.mlit.go.jp/road/rstation/eki/eh16_komatsu.html,33.883689,133.107622
愛媛県,みかわ,第16回,H12.8,上浮穴郡久万高原町,https://www.skr.mlit.go.jp/road/rstation/eki/eh17_mikawa.html,33.614533,132.969656
愛媛県,清流の里ひじかわ,第17回,H13.8,大洲市,https://www.skr.mlit.go.jp/road/rstation/eki/eh18_hijikawa.html,33.461122,132.676699
愛媛県,よしうみいきいき館,第18回,H14.8,今治市,https://www.skr.mlit.go.jp/road/rstation/eki/eh19_yoshiumi.html,34.12747,133.021945
愛媛県,風早の郷風和里,第18回,H14.8,松山市,https://www.skr.mlit.go.jp/road/rstation/eki/eh20_fuwari.html,33.996706,132.772282
愛媛県,みま,第19回,H15.8,宇和島市,https://www.skr.mlit.go.jp/road/rstation/eki/eh21_mima.html,33.286348,132.596014
愛媛県,小田の郷せせらぎ,第21回,H17.8,喜多郡内子町,https://www.skr.mlit.go.jp/road/rstation/eki/eh22_oda.html,33.568504,132.800752
愛媛県,うわじま　きさいや広場,第30回,H21.3,宇和島市,https://www.skr.mlit.go.jp/road/rstation/eki/eh23_uwajima.html,33.222423,132.558235
愛媛県,霧の森,第34回,H22.8,四国中央市,https://www.skr.mlit.go.jp/road/rstation/eki/eh24_kirinomori.html,33.924187,133.64111
愛媛県,八幡浜みなっと,第39回,H25.3,八幡浜市,https://www.skr.mlit.go.jp/road/rstation/eki/eh25_yawatahama.html,33.458163,132.418138
愛媛県,津島やすらぎの里,第41回,H26.4,宇和島市,https://www.skr.mlit.go.jp/road/rstation/eki/eh26_tsushima.html,33.139682,132.520302
愛媛県,どんぶり館,第41回,H26.4,西予市,https://www.skr.mlit.go.jp/road/rstation/eki/eh27_donburikan.html,33.354977,132.527136
愛媛県,天空の郷さんさん,第41回,H26.4,上浮穴郡久万高原町,https://www.skr.mlit.go.jp/road/rstation/eki/eh28_sansan.html,33.661136,132.898713
愛媛県,なかやま,第49回,H30.4,伊予市,https://www.skr.mlit.go.jp/road/rstation/eki/eh29_nakayama.html,33.669723,132.695
高知県,大杉,第1回,H5.4,長岡郡大豊町,https://www.skr.mlit.go.jp/road/rstation/eki/ko01_oosugi.html,33.750923,133.6634
高知県,すくも,第1回,H5.4,宿毛市,https://www.skr.mlit.go.jp/road/rstation/eki/ko02_sukumo.html,32.916165,132.712529
高知県,大月,第1回,H5.4,幡多郡大月町,https://www.skr.mlit.go.jp/road/rstation/eki/ko03_ootsuki.html,32.828752,132.709314
高知県,四万十大正,第1回,H5.4,高岡郡四万十町,https://www.skr.mlit.go.jp/road/rstation/eki/ko04_taisyou.html,33.182567,132.971321
高知県,ゆすはら,第1回,H5.4,高岡郡梼原町,https://www.skr.mlit.go.jp/road/rstation/eki/ko05_yusuhara.html,33.388359,132.944983
高知県,南国風良里,第1回,H5.4,南国市,https://www.skr.mlit.go.jp/road/rstation/eki/ko06_nankoku.html,33.6112,133.642152
高知県,美良布,第1回,H5.4,香美市,https://www.skr.mlit.go.jp/road/rstation/eki/ko07_birafu.html,33.648147,133.782498
高知県,布施ヶ坂,第8回,H7.4,高岡郡津野町,https://www.skr.mlit.go.jp/road/rstation/eki/ko08_fusegasaka.html,33.426632,133.099612
高知県,キラメッセ室戸,第10回,H8.4,室戸市,https://www.skr.mlit.go.jp/road/rstation/eki/ko09_muroto.html,33.30643,134.11021
高知県,土佐和紙工芸村,第10回,H8.4,吾川郡いの町,https://www.skr.mlit.go.jp/road/rstation/eki/ko10_tosawashi.html,33.573534,133.366191
高知県,土佐さめうら,第13回,H9.10,土佐郡土佐町,https://www.skr.mlit.go.jp/road/rstation/eki/ko11_sameura.html,33.742644,133.544235
高知県,大山,第13回,H9.10,安芸市,https://www.skr.mlit.go.jp/road/rstation/eki/ko12_ooyama.html,33.4701,133.944069
高知県,かわうその里すさき,第14回,H10.4,須崎市,https://www.skr.mlit.go.jp/road/rstation/eki/ko13_susaki.html,33.38766,133.274677
高知県,あぐり窪川,第14回,H10.4,高岡郡四万十町,https://www.skr.mlit.go.jp/road/rstation/eki/ko14_kubokawa.html,33.231165,133.149186
高知県,木の香,第15回,H11.8,吾川郡いの町,https://www.skr.mlit.go.jp/road/rstation/eki/ko15_konoka.html,33.779824,133.307692
高知県,めじかの里土佐清水,第15回,H11.8,土佐清水市,https://www.skr.mlit.go.jp/road/rstation/eki/ko16_tosashimizu.html,32.793514,132.883186
高知県,やす,第17回,H13.8,香南市,https://www.skr.mlit.go.jp/road/rstation/eki/ko17_yasu.html,33.534137,133.753852
高知県,６３３美の里,第18回,H14.8,吾川郡いの町,https://www.skr.mlit.go.jp/road/rstation/eki/ko18_musasabi.html,33.643674,133.32832
高知県,田野駅屋,第20回,H16.8,安芸郡田野町,https://www.skr.mlit.go.jp/road/rstation/eki/ko19_tano.html,33.430155,134.007839
高知県,ビオスおおがた,第21回,H17.8,幡多郡黒潮町,https://www.skr.mlit.go.jp/road/rstation/eki/ko20_oogata.html,33.035077,133.027068
高知県,四万十とおわ,第23回,H19.3,高岡郡四万十町,https://www.skr.mlit.go.jp/road/rstation/eki/ko21_toowa.html,33.223912,132.835433
高知県,なぶら土佐佐賀,第40回,H25.10,幡多郡黒潮町,https://www.skr.mlit.go.jp/road/rstation/eki/ko22_saga.html,33.086739,133.101781
高知県,よって西土佐,第44回,Ｈ27.11,四万十市,https://www.skr.mlit.go.jp/road/rstation/eki/ko23_nishitosa.html,33.173256,132.7891
高知県,なかとさ,第47回,H29.4,高岡郡中土佐町,https://www.skr.mlit.go.jp/road/rstation/eki/ko24_nakatosa.html,33.322394,133.235246
高知県,まきのさんの道の駅・佐川,第58回,R5.2,高岡郡佐川町,https://www.skr.mlit.go.jp/road/rstation/eki/ko25_sakawa.html,,
高知県,東洋町,第61回,R6.8,安芸郡東洋町,https://www.skr.mlit.go.jp/road/rstation/eki/ko26_toyotown.html,,
福岡県,原鶴,第10回,H8.4,朝倉市,http://www.qsr.mlit.go.jp/n-michi/michi_no_eki/kobetu/harazuru/harazuru.html,33.353765,130.784677
福岡県,豊前おこしかけ,第14回,H10.4,豊前市,http://www.qsr.mlit.go.jp/n-michi/michi_no_eki/kobetu/buzen/buzen.html,33.614137,131.100881
福岡県,小石原,第14回,H10.4,朝倉郡東峰村,http://www.qsr.mlit.go.jp/n-michi/michi_no_eki/kobetu/koishiwara/koishiwara.html,33.465112,130.825809
福岡県,しんよしとみ,第15回,H11.8,築上郡上毛町,http://www.qsr.mlit.go.jp/n-michi/michi_no_eki/kobetu/shinyoshitomi/shinyoshitomi.html,33.588716,131.154308
福岡県,うきは,第15回,H11.8,うきは市,http://www.qsr.mlit.go.jp/n-michi/michi_no_eki/kobetu/ukiha/ukiha.html,33.334015,130.818166
福岡県,おおむた,第16回,H12.8,大牟田市,http://www.qsr.mlit.go.jp/n-michi/michi_no_eki/kobetu/omuta/omuta.html,33.073248,130.532191
福岡県,たちばな,第20回,H16.8,八女市,http://www.qsr.mlit.go.jp/n-michi/michi_no_eki/kobetu/tachibana/tachibana.html,33.187442,130.610415
福岡県,うすい,第21回,H17.8,嘉麻市,http://www.qsr.mlit.go.jp/n-michi/michi_no_eki/kobetu/usui/usui.html,33.563949,130.713259
福岡県,歓遊舎ひこさん,第21回,H17.8,田川郡添田町,http://www.qsr.mlit.go.jp/n-michi/michi_no_eki/kobetu/hikosan/hikosan.html,33.549025,130.859957
福岡県,むなかた,第25回,H20.4,宗像市,http://www.qsr.mlit.go.jp/n-michi/michi_no_eki/kobetu/munakata/munakata.html,33.848473,130.503451
福岡県,くるめ,第27回,H20.5,久留米市,http://www.qsr.mlit.go.jp/n-michi/michi_no_eki/kobetu/kurume/kurume.html,33.319043,130.594211
福岡県,香春,第32回,H21.7,田川郡香春町,http://www.qsr.mlit.go.jp/n-michi/michi_no_eki/kobetu/kawara/kawara.html,33.67659,130.859982
福岡県,おおき,第33回,H22.3,三潴郡大木町,http://www.qsr.mlit.go.jp/n-michi/michi_no_eki/kobetu/ooki/ooki.html,33.217906,130.437973
福岡県,おおとう桜街道,第34回,H22.8,田川郡大任町,http://www.qsr.mlit.go.jp/n-michi/michi_no_eki/kobetu/ootousakurakaidou/ootousakurakaidou.html,33.626154,130.84517
福岡県,みやま,第35回,H23.3,みやま市,http://www.qsr.mlit.go.jp/n-michi/michi_no_eki/kobetu/miyama/miyama.html,33.148218,130.48454
福岡県,いとだ,第35回,H23.3,田川郡糸田町,http://www.qsr.mlit.go.jp/n-michi/michi_no_eki/kobetu/itoda/itoda.html,33.641912,130.764694
福岡県,筑前みなみの里,第51回,R1.6,朝倉郡筑前町,http://www.qsr.mlit.go.jp/n-michi/michi_no_eki/kobetu/chikuzen/chikuzen.html,,
佐賀県,鹿島,第5回,H6.4,鹿島市,http://www.qsr.mlit.go.jp/n-michi/michi_no_eki/kobetu/kashima/kashima.html,33.075016,130.145747
佐賀県,厳木,第6回,H6.8,唐津市,http://www.qsr.mlit.go.jp/n-michi/michi_no_eki/kobetu/kyuragi/kyuragi.html,33.311119,130.071911
佐賀県,伊万里,第8回,H7.4,伊万里市,http://www.qsr.mlit.go.jp/n-michi/michi_no_eki/kobetu/imari/imari.html,33.31362,129.928959
佐賀県,桃山天下市,第12回,H9.4,唐津市,http://www.qsr.mlit.go.jp/n-michi/michi_no_eki/kobetu/momoyama/momoyama.html,33.528533,129.873141
佐賀県,山内,第14回,H10.4,武雄市,http://www.qsr.mlit.go.jp/n-michi/michi_no_eki/kobetu/yamauchi/yamauchi.html,33.191781,129.956161
佐賀県,大和,第18回,H14.8,佐賀市,http://www.qsr.mlit.go.jp/n-michi/michi_no_eki/kobetu/yamato/yamato.html,33.339017,130.257828
佐賀県,吉野ヶ里,第23回,H19.3,神埼郡吉野ヶ里町,http://www.qsr.mlit.go.jp/n-michi/michi_no_eki/kobetu/yoshino/yoshino.html,33.380496,130.397315
佐賀県,太良,第23回,H19.3,藤津郡太良町,http://www.qsr.mlit.go.jp/n-michi/michi_no_eki/kobetu/tara/tara.html,33.046989,130.169359
佐賀県,しろいし,第46回,Ｈ28.10,杵島郡白石町,http://www.qsr.mlit.go.jp/n-michi/michi_no_eki/kobetu/shiroishi/shiroishi.html,33.176871,130.196458
佐賀県,うれしの まるく,第56回,R4.2,嬉野市,http://www.qsr.mlit.go.jp/n-michi/michi_no_eki/kobetu/ureshino/ureshino.html,,
佐賀県,かみみね,第61回,R6.8,三養基郡上峰町,http://www.qsr.mlit.go.jp/n-michi/michi_no_eki/kobetu/kamimine/kamimine.html,,
長崎県,生月大橋,第1回,H5.4,平戸市,http://www.qsr.mlit.go.jp/n-michi/michi_no_eki/kobetu/ikitsuki/ikitsuki.html,33.355186,129.433555
長崎県,ひまわり,第14回,H10.4,南島原市,http://www.qsr.mlit.go.jp/n-michi/michi_no_eki/kobetu/himawari/himawari.html,,
長崎県,昆虫の里たびら,第16回,H12.8,平戸市,http://www.qsr.mlit.go.jp/n-michi/michi_no_eki/kobetu/tabira/tabira.html,33.317708,129.603114
長崎県,彼杵の荘,第17回,H13.8,東彼杵郡東彼杵町,http://www.qsr.mlit.go.jp/n-michi/michi_no_eki/kobetu/sonogi/sonogi.html,33.035851,129.919935
長崎県,さいかい,第19回,H15.8,西海市,http://www.qsr.mlit.go.jp/n-michi/michi_no_eki/kobetu/saikai/saikai.html,33.042993,129.695701
長崎県,夕陽が丘そとめ,第21回,H17.8,長崎市,http://www.qsr.mlit.go.jp/n-michi/michi_no_eki/kobetu/sotome/sotome.html,32.835899,129.703763
長崎県,松浦海のふるさと館,第21回,H17.8,松浦市,http://www.qsr.mlit.go.jp/n-michi/michi_no_eki/kobetu/matuura/matuura.html,33.348684,129.701515
長崎県,遣唐使ふるさと館,第22回,H18.8,五島市,http://www.qsr.mlit.go.jp/n-michi/michi_no_eki/kobetu/kentoushi/kentoushi.html,32.738279,128.690364
長崎県,鷹ら島,第30回,H21.3,松浦市,http://www.qsr.mlit.go.jp/n-michi/michi_no_eki/kobetu/takarajima/takarajima.html,33.433855,129.782362
長崎県,させぼっくす　９９,第44回,Ｈ27.11,佐世保市,http://www.qsr.mlit.go.jp/n-michi/michi_no_eki/kobetu/sasebox99/sasebox99.html,33.201501,129.671634
長崎県,長崎街道鈴田峠,第44回,Ｈ27.11,大村市,http://www.qsr.mlit.go.jp/n-michi/michi_no_eki/kobetu/suzutatouge/suzutatouge.html,32.885378,130.007464
長崎県,２５１いいもりじゃがーロード,第62回,R7.1,諫早市,http://www.qsr.mlit.go.jp/n-michi/michi_no_eki/kobetu/iimori/iimori.html,,
熊本県,小国,第1回,H5.4,阿蘇郡小国町,http://www.qsr.mlit.go.jp/n-michi/michi_no_eki/kobetu/oguni/oguni.html,33.123101,131.064689
熊本県,波野,第1回,H5.4,阿蘇市,http://www.qsr.mlit.go.jp/n-michi/michi_no_eki/kobetu/namino/namino.html,32.959913,131.197442
熊本県,旭志,第1回,H5.4,菊池市,http://www.qsr.mlit.go.jp/n-michi/michi_no_eki/kobetu/kyokushi/kyokushi.html,32.931259,130.830272
熊本県,大津,第3回,H5.11,菊池郡大津町,http://www.qsr.mlit.go.jp/n-michi/michi_no_eki/kobetu/ozu/ozu.html,32.881101,130.890813
熊本県,坂本,第5回,H6.4,八代市,http://www.qsr.mlit.go.jp/n-michi/michi_no_eki/kobetu/sakamoto/sakamoto.html,32.426674,130.640938
熊本県,不知火,第5回,H6.4,宇城市,http://www.qsr.mlit.go.jp/n-michi/michi_no_eki/kobetu/shiranui/shiranui.html,32.633706,130.628711
熊本県,有明,第8回,H7.4,天草市,http://www.qsr.mlit.go.jp/n-michi/michi_no_eki/kobetu/ariake/ariake.html,32.505519,130.30576
熊本県,鹿北,第10回,H8.4,山鹿市,http://www.qsr.mlit.go.jp/n-michi/michi_no_eki/kobetu/kahoku/kahoku.html,33.113638,130.668846
熊本県,七城メロンドーム,第15回,H11.8,菊池市,http://www.qsr.mlit.go.jp/n-michi/michi_no_eki/kobetu/shichijyo/shichijyo.html,32.979936,130.770328
熊本県,泗水,第15回,H11.8,菊池市,http://www.qsr.mlit.go.jp/n-michi/michi_no_eki/kobetu/shisui/shisui.html,32.925035,130.771389
熊本県,きくすい,第15回,H11.8,玉名郡和水町,http://www.qsr.mlit.go.jp/n-michi/michi_no_eki/kobetu/kikusui/kikusui.html,32.973351,130.602318
熊本県,清和文楽邑,第16回,H12.8,上益城郡山都町,http://www.qsr.mlit.go.jp/n-michi/michi_no_eki/kobetu/seiwa/seiwa.html,32.690643,131.09135
熊本県,通潤橋,第16回,H12.8,上益城郡山都町,http://www.qsr.mlit.go.jp/n-michi/michi_no_eki/kobetu/tujyunkyo/tujyunkyo.html,32.681489,130.991663
熊本県,竜北,第18回,H14.8,八代郡氷川町,http://www.qsr.mlit.go.jp/n-michi/michi_no_eki/kobetu/ryuhoku/ryuhoku.html,32.576771,130.694735
熊本県,錦,第18回,H14.8,球磨郡錦町,http://www.qsr.mlit.go.jp/n-michi/michi_no_eki/kobetu/nishiki/nishiki.html,32.20587,130.845164
熊本県,たのうら,第19回,H15.8,葦北郡芦北町,http://www.qsr.mlit.go.jp/n-michi/michi_no_eki/kobetu/tanoura/tanoura.html,32.364567,130.51245
熊本県,子守唄の里　五木,第19回,H15.8,球磨郡五木村,http://www.qsr.mlit.go.jp/n-michi/michi_no_eki/kobetu/itsuki/itsuki.html,32.399317,130.826733
熊本県,宇土マリーナ,第21回,H17.8,宇土市,http://www.qsr.mlit.go.jp/n-michi/michi_no_eki/kobetu/uto/uto.html,32.662242,130.522698
熊本県,阿蘇,第27回,H20.5,阿蘇市,http://www.qsr.mlit.go.jp/n-michi/michi_no_eki/kobetu/aso/aso.html,32.937034,131.080917
熊本県,みなまた,第30回,H21.3,水俣市,http://www.qsr.mlit.go.jp/n-michi/michi_no_eki/kobetu/minamata/minamata.html,32.199169,130.381702
熊本県,うき,第33回,H22.3,宇城市,http://www.qsr.mlit.go.jp/n-michi/michi_no_eki/kobetu/uki/uki.html,32.651194,130.697734
熊本県,そよ風パーク,第37回,H24.3,上益城郡山都町,http://www.qsr.mlit.go.jp/n-michi/michi_no_eki/kobetu/soyokaze/soyokaze.html,32.726612,131.163458
熊本県,大野温泉,第37回,H24.3,葦北郡芦北町,http://www.qsr.mlit.go.jp/n-michi/michi_no_eki/kobetu/oonoonsen/oonoonsen.html,32.289886,130.58215
熊本県,美里「佐俣の湯」,第40回,H25.10,下益城郡美里町,http://www.qsr.mlit.go.jp/n-michi/michi_no_eki/kobetu/misatosamatanoyu/misatosamatanoyu.html,32.623592,130.822704
熊本県,上天草さんぱーる,第43回,H27.4,上天草市,http://www.qsr.mlit.go.jp/n-michi/michi_no_eki/kobetu/kamiamakusa/kamiamakusa.html,32.577138,130.420142
熊本県,うしぶか海彩館,第43回,H27.4,天草市,http://www.qsr.mlit.go.jp/n-michi/michi_no_eki/kobetu/ushibuka/ushibuka.html,32.193836,130.026968
熊本県,あそ望の郷くぎの,第43回,H27.4,阿蘇郡南阿蘇村,http://www.qsr.mlit.go.jp/n-michi/michi_no_eki/kobetu/asobounosato/asobounosato.html,32.81851,131.041526
熊本県,水辺プラザかもと,第44回,Ｈ27.11,山鹿市,http://www.qsr.mlit.go.jp/n-michi/michi_no_eki/kobetu/mizubeplazakamoto/kamoto.html,32.987162,130.7559
熊本県,すいかの里植木,第45回,Ｈ28.4,熊本市,http://www.qsr.mlit.go.jp/n-michi/michi_no_eki/kobetu/suikanosatoueki/suika.html,32.907939,130.692874
熊本県,芦北でこぽん,第45回,Ｈ28.4,葦北郡芦北町,http://www.qsr.mlit.go.jp/n-michi/michi_no_eki/kobetu/asikitadekopon/asikitadekopon.html,32.302882,130.508036
熊本県,﨑津,第49回,H30.4,天草市,http://www.qsr.mlit.go.jp/n-michi/michi_no_eki/kobetu/sakitsu/sakitsu.html,,
熊本県,天草市イルカセンター,第50回,H31.3,天草市,http://www.qsr.mlit.go.jp/n-michi/michi_no_eki/kobetu/amakusairuka/amakusairuka.html,,
熊本県,人吉,第50回,H31.3,人吉市,http://www.qsr.mlit.go.jp/n-michi/michi_no_eki/kobetu/hitoyoshi/hitoyoshi.html,,
熊本県,宮地岳かかしの里,第52回,R2.3,天草市,http://www.qsr.mlit.go.jp/n-michi/michi_no_eki/kobetu/miyajidake/miyajidake.html,,
熊本県,東陽,第53回,R2.7,八代市,http://www.qsr.mlit.go.jp/n-michi/michi_no_eki/kobetu/touyou/touyou.html,,
熊本県,秘境の郷いずみ,第60回,R6.2,八代市,https://www.qsr.mlit.go.jp/n-michi/michi_no_eki/kobetu/izumi/izumi.html,,
熊本県,ウェルネスあらお,第63回,R7.6,荒尾市,,,
大分県,原尻の滝,第6回,H6.8,豊後大野市,http://www.qsr.mlit.go.jp/n-michi/michi_no_eki/kobetu/harajiri/harajiri.html,32.965666,131.4522
大分県,宇目,第9回,H7.8,佐伯市,http://www.qsr.mlit.go.jp/n-michi/michi_no_eki/kobetu/ume/ume.html,32.803732,131.610396
大分県,竹田,第10回,H8.4,竹田市,http://www.qsr.mlit.go.jp/n-michi/michi_no_eki/kobetu/takeda/takeda.html,32.985585,131.340468
大分県,佐賀関,第12回,H9.4,大分市,http://www.qsr.mlit.go.jp/n-michi/michi_no_eki/kobetu/saganoseki/saganoseki.html,33.247211,131.82843
大分県,やまくに,第12回,H9.4,中津市,http://www.qsr.mlit.go.jp/n-michi/michi_no_eki/kobetu/yamakuni/yamakuni.html,33.406373,131.061468
大分県,耶馬トピア,第12回,H9.4,中津市,http://www.qsr.mlit.go.jp/n-michi/michi_no_eki/kobetu/yaba/yaba.html,33.489841,131.174536
大分県,あさじ,第15回,H11.8,豊後大野市,http://www.qsr.mlit.go.jp/n-michi/michi_no_eki/kobetu/asaji/asaji.html,33.002562,131.448073
大分県,いんない,第15回,H11.8,宇佐市,http://www.qsr.mlit.go.jp/n-michi/michi_no_eki/kobetu/innai/innai.html,33.423818,131.320207
大分県,せせらぎ郷かみつえ,第15回,H11.8,日田市,http://www.qsr.mlit.go.jp/n-michi/michi_no_eki/kobetu/kamitsue/kamitsue.html,33.112561,130.961936
大分県,やよい,第16回,H12.8,佐伯市,http://www.qsr.mlit.go.jp/n-michi/michi_no_eki/kobetu/yayoi/yayoi.html,32.964569,131.838684
大分県,鯛生金山,第16回,H12.8,日田市,http://www.qsr.mlit.go.jp/n-michi/michi_no_eki/kobetu/taio/taio.html,33.129157,130.882621
大分県,きよかわ,第16回,H12.8,豊後大野市,http://www.qsr.mlit.go.jp/n-michi/michi_no_eki/kobetu/kiyokawa/kiyokawa.html,32.971563,131.518011
大分県,ゆふいん,第19回,H15.8,由布市,http://www.qsr.mlit.go.jp/n-michi/michi_no_eki/kobetu/yuhuin/yuhuin.html,33.260646,131.327088
大分県,みえ,第20回,H16.8,豊後大野市,http://www.qsr.mlit.go.jp/n-michi/michi_no_eki/kobetu/mie/mie.html,33.02869,131.621548
大分県,くにさき,第20回,H16.8,国東市,http://www.qsr.mlit.go.jp/n-michi/michi_no_eki/kobetu/kunisaki/kunisaki.html,33.545662,131.739729
大分県,水辺の郷おおやま,第20回,H16.8,日田市,http://www.qsr.mlit.go.jp/n-michi/michi_no_eki/kobetu/oyama/oyama.html,33.24791,130.972093
大分県,かまえ,第21回,H17.8,佐伯市,http://www.qsr.mlit.go.jp/n-michi/michi_no_eki/kobetu/kamae/kamae.html,32.801772,131.924318
大分県,ながゆ温泉,第22回,H18.8,竹田市,http://www.qsr.mlit.go.jp/n-michi/michi_no_eki/kobetu/nagayu/nagayu.html,33.071666,131.38307
大分県,おおの,第22回,H18.8,豊後大野市,http://www.qsr.mlit.go.jp/n-michi/michi_no_eki/kobetu/oono/oono.html,33.036253,131.502906
大分県,くにみ,第22回,H18.8,国東市,http://www.qsr.mlit.go.jp/n-michi/michi_no_eki/kobetu/kunimi/kunimi.html,33.680502,131.605745
大分県,童話の里　くす,第30回,H21.3,玖珠郡玖珠町,http://www.qsr.mlit.go.jp/n-michi/michi_no_eki/kobetu/kusu/kusu.html,33.289337,131.156932
大分県,すごう,第33回,H22.3,竹田市,http://www.qsr.mlit.go.jp/n-michi/michi_no_eki/kobetu/sugou/sugou.html,32.956639,131.294106
大分県,なかつ,第41回,H26.4,中津市,http://www.qsr.mlit.go.jp/n-michi/michi_no_eki/kobetu/nakatu/nakatu.html,33.55161,131.214106
大分県,慈恩の滝　くす,第45回,Ｈ28.4,玖珠郡玖珠町,http://www.qsr.mlit.go.jp/n-michi/michi_no_eki/kobetu/jionnotakikusu/jionnotakikusu.html,33.265953,131.068506
大分県,のつはる,第50回,H31.3,大分市,http://www.qsr.mlit.go.jp/n-michi/michi_no_eki/kobetu/notsuharu/notsuharu.html,,
大分県,たのうらら,第59回,R5.8,大分市,http://www.qsr.mlit.go.jp/n-michi/michi_no_eki/kobetu/tanoura/tanoura.html,,
宮崎県,高岡,第1回,H5.4,宮崎市,http://www.qsr.mlit.go.jp/n-michi/michi_no_eki/kobetu/takaoka/takaoka.html,31.945737,131.340555
宮崎県,北川はゆま,第5回,H6.4,延岡市,http://www.qsr.mlit.go.jp/n-michi/michi_no_eki/kobetu/kitagawa/kitagawa.html,32.666036,131.704594
宮崎県,青雲橋,第5回,H6.4,西臼杵郡日之影町,http://www.qsr.mlit.go.jp/n-michi/michi_no_eki/kobetu/seiunbashi/seiunbashi.html,32.66064,131.388496
宮崎県,山之口,第5回,H6.4,都城市,http://www.qsr.mlit.go.jp/n-michi/michi_no_eki/kobetu/yamanokuchi/yamanokuchi.html,31.79442,131.202615
宮崎県,北浦,第10回,H8.4,延岡市,http://www.qsr.mlit.go.jp/n-michi/michi_no_eki/kobetu/kitaura/kitaura.html,32.684792,131.800904
宮崎県,田野,第14回,H10.4,宮崎市,http://www.qsr.mlit.go.jp/n-michi/michi_no_eki/kobetu/tano/tano.html,31.796218,131.306943
宮崎県,酒谷,第15回,H11.8,日南市,http://www.qsr.mlit.go.jp/n-michi/michi_no_eki/kobetu/sakatani/sakatani.html,31.641714,131.266243
宮崎県,とうごう,第15回,H11.8,日向市,http://www.qsr.mlit.go.jp/n-michi/michi_no_eki/kobetu/togo/togo.html,32.391369,131.513581
宮崎県,都城NiQLL,第17回,H13.8,都城市,http://www.qsr.mlit.go.jp/n-michi/michi_no_eki/kobetu/miyakonojyo/miyakonojyo.html,,
宮崎県,ゆ～ぱるのじり,第17回,H13.8,小林市,http://www.qsr.mlit.go.jp/n-michi/michi_no_eki/kobetu/yuparu/yuparu.html,,
宮崎県,なんごう,第17回,H13.8,日南市,http://www.qsr.mlit.go.jp/n-michi/michi_no_eki/kobetu/nango/nango.html,31.503058,131.378932
宮崎県,日向,第18回,H14.8,日向市,http://www.qsr.mlit.go.jp/n-michi/michi_no_eki/kobetu/hyuga/hyuga.html,32.343361,131.624044
宮崎県,高千穂,第18回,H14.8,西臼杵郡高千穂町,http://www.qsr.mlit.go.jp/n-michi/michi_no_eki/kobetu/takachiho/takachiho.html,32.708443,131.300435
宮崎県,フェニックス,第20回,H16.8,宮崎市,http://www.qsr.mlit.go.jp/n-michi/michi_no_eki/kobetu/phoenix/phoenix.html,31.768983,131.478425
宮崎県,つの,第38回,H24.9,児湯郡都農町,http://www.qsr.mlit.go.jp/n-michi/michi_no_eki/kobetu/tuno/tuno.html,32.260301,131.558035
宮崎県,えびの,第38回,H24.9,えびの市,http://www.qsr.mlit.go.jp/n-michi/michi_no_eki/kobetu/ebino/ebino.html,32.050182,130.805598
宮崎県,北方よっちみろ屋,第42回,H26.10,延岡市,http://www.qsr.mlit.go.jp/n-michi/michi_no_eki/kobetu/kitakatayochimiroya/kitakatayocchimiroya.html,32.595757,131.49193
宮崎県,くしま,第53回,R2.7,串間市,http://www.qsr.mlit.go.jp/n-michi/michi_no_eki/kobetu/kushima/kushima.html,,
宮崎県,きたごう,第58回,R5.2,日南市,http://www.qsr.mlit.go.jp/n-michi/michi_no_eki/kobetu/kitagou/kitagou.html,,
鹿児島県,喜入,第5回,H6.4,鹿児島市,http://www.qsr.mlit.go.jp/n-michi/michi_no_eki/kobetu/kiire/kiire.html,31.378962,130.545172
鹿児島県,霧島,第5回,H6.4,霧島市,http://www.qsr.mlit.go.jp/n-michi/michi_no_eki/kobetu/kirishima/kirishima.html,31.863242,130.851291
鹿児島県,樋脇,第6回,H6.8,薩摩川内市,http://www.qsr.mlit.go.jp/n-michi/michi_no_eki/kobetu/hiwaki/hiwaki.html,31.796446,130.407368
鹿児島県,松山,第8回,H7.4,志布志市,http://www.qsr.mlit.go.jp/n-michi/michi_no_eki/kobetu/matsuyama/matsuyama.html,31.581588,131.042414
鹿児島県,阿久根,第9回,H7.8,阿久根市,http://www.qsr.mlit.go.jp/n-michi/michi_no_eki/kobetu/akune/akune.html,31.94592,130.216475
鹿児島県,長島,第10回,H8.4,出水郡長島町,http://www.qsr.mlit.go.jp/n-michi/michi_no_eki/kobetu/nagashima/nagashima.html,32.161696,130.109239
鹿児島県,くにの松原おおさき,第14回,H10.4,曽於郡大崎町,http://www.qsr.mlit.go.jp/n-michi/michi_no_eki/kobetu/osaki/osaki.html,31.43782,131.030758
鹿児島県,根占,第14回,H10.4,肝属郡南大隅町,http://www.qsr.mlit.go.jp/n-michi/michi_no_eki/kobetu/nejime/nejime.html,31.185538,130.767315
鹿児島県,川辺やすらぎの郷,第15回,H11.8,南九州市,http://www.qsr.mlit.go.jp/n-michi/michi_no_eki/kobetu/kawanabe/kawanabe.html,31.412734,130.432897
鹿児島県,奄美大島住用,第16回,H12.8,奄美市,http://www.qsr.mlit.go.jp/n-michi/michi_no_eki/kobetu/amami/amami.html,28.259644,129.408837
鹿児島県,桜島,第16回,H12.8,鹿児島市,http://www.qsr.mlit.go.jp/n-michi/michi_no_eki/kobetu/sakurajima/sakurajima.html,31.589374,130.598804
鹿児島県,きんぽう木花館,第17回,H13.8,南さつま市,http://www.qsr.mlit.go.jp/n-michi/michi_no_eki/kobetu/kinpo/kinpo.html,31.465425,130.345562
鹿児島県,おおすみ弥五郎伝説の里,第18回,H14.8,曽於市,http://www.qsr.mlit.go.jp/n-michi/michi_no_eki/kobetu/osumi/osumi.html,31.593119,130.991067
鹿児島県,たからべ,第20回,H16.8,曽於市,http://www.qsr.mlit.go.jp/n-michi/michi_no_eki/kobetu/takarabe/takarabe.html,31.728704,130.998703
鹿児島県,いぶすき,第20回,H16.8,指宿市,http://www.qsr.mlit.go.jp/n-michi/michi_no_eki/kobetu/ibusuki/ibusuki.html,31.302215,130.590044
鹿児島県,たるみず,第20回,H16.8,垂水市,http://www.qsr.mlit.go.jp/n-michi/michi_no_eki/kobetu/tarumizu/tarumizu.html,31.558788,130.744565
鹿児島県,すえよし,第21回,H17.8,曽於市,http://www.qsr.mlit.go.jp/n-michi/michi_no_eki/kobetu/sueyosi/sueyosi.html,31.688333,130.970344
鹿児島県,黒之瀬戸だんだん市場,第33回,H22.3,出水郡長島町,http://www.qsr.mlit.go.jp/n-michi/michi_no_eki/kobetu/kuronoseto/kuronoseto.html,32.108278,130.170919
鹿児島県,山川港活お海道,第36回,H23.8,指宿市,http://www.qsr.mlit.go.jp/n-michi/michi_no_eki/kobetu/iokaidou/iokaidou.html,31.203017,130.634914
鹿児島県,錦江にしきの里,第40回,H25.10,肝属郡錦江町,http://www.qsr.mlit.go.jp/n-michi//michi_no_eki/kobetu/kinnkounisikinosato/kinnpounisikinosato.html,31.273659,130.792437
鹿児島県,野方あらさの,第42回,H26.10,曽於郡大崎町,http://www.qsr.mlit.go.jp/n-michi/michi_no_eki/kobetu/nokataarasano/nokataarasano.html,31.50002,130.9242
鹿児島県,たるみずはまびら,第49回,H30.4,垂水市,http://www.qsr.mlit.go.jp/n-michi/michi_no_eki/kobetu/tarumizuhamabira/tarumizuhamabira.html,31.468613,130.698057
鹿児島県,とくのしま,第60回,R6.2,大島郡徳之島町,http://www.qsr.mlit.go.jp/n-michi/michi_no_eki/kobetu/tokunosima/tokunosima.html,,
沖縄県,許田,第5回,H6.4,名護市,http://www.dc.ogb.go.jp/road/Michi-no-Eki/kyoda.htm,26.552069,127.96932
沖縄県,おおぎみ,第15回,H11.8,国頭郡大宜味村,http://www.dc.ogb.go.jp/road/Michi-no-Eki/oogimi.htm,26.690321,128.108114
沖縄県,ゆいゆい国頭,第15回,H11.8,国頭郡国頭村,http://www.dc.ogb.go.jp/road/Michi-no-Eki/kunigami.htm,26.73198,128.169362
沖縄県,かでな,第19回,H15.8,中頭郡嘉手納町,http://www.dc.ogb.go.jp/road/Michi-no-Eki/kadena.htm,26.368112,127.774148
沖縄県,喜名番所,第22回,H18.8,中頭郡読谷村,http://www.dc.ogb.go.jp/road/Michi-no-Eki/kinabansyo.html,26.399342,127.758204
沖縄県,豊崎,第29回,H20.12,豊見城市,http://www.dc.ogb.go.jp/road/Michi-no-Eki/toyosaki.htm,26.157695,127.655333
沖縄県,いとまん,第31回,H21.6,糸満市,http://www.dc.ogb.go.jp/road/Michi-no-Eki/itoman.htm,26.138496,127.661156
沖縄県,ぎのざ,第42回,H26.10,国頭郡宜野座村,http://www.dc.ogb.go.jp/road/Michi-no-Eki/ginoza.htm,26.473874,127.952328
沖縄県,サンライズひがし,第52回,R2.3,国頭郡東村,http://www.dc.ogb.go.jp/road/Michi-no-Eki/higashi.htm,,
沖縄県,やんばるパイナップルの丘安波,第55回,R3.6,国頭郡国頭村,http://www.dc.ogb.go.jp/road/Michi-no-Eki/aha.htm,,
